x,y,best_gid,mse,coverage,second_gid,second_mse,third_gid,third_mse
0,0,77,0.0,1024,78,0.0,79,0.0
1,0,77,0.0,1024,78,0.0,79,0.0
0,1,77,0.0,1024,78,0.0,79,0.0
1,1,77,0.0,1024,78,0.0,79,0.0
58,10,283,0.0,1024,310,7.42,285,40.0
59,10,283,0.0,1024,310,7.42,285,40.0
58,11,283,0.0,1024,310,7.42,285,40.0
58,12,283,0.0,1024,310,7.42,285,40.0
1,13,77,0.0,1024,78,0.0,79,0.0
18,13,131,0.0,120,133,0.0,208,0.0
19,13,131,0.0,120,133,0.0,208,0.0
22,13,131,0.0,120,133,0.0,208,0.0
0,14,77,0.0,1024,78,0.0,79,0.0
1,14,77,0.0,1024,78,0.0,79,0.0
54,14,283,0.0,1024,310,7.42,285,40.0
55,14,283,0.0,1024,310,7.42,285,40.0
56,14,283,0.0,1024,310,7.42,285,40.0
0,15,77,0.0,1024,78,0.0,79,0.0
1,15,77,0.0,1024,78,0.0,79,0.0
3,15,77,0.0,1024,78,0.0,79,0.0
54,15,283,0.0,1024,310,7.42,285,40.0
55,15,283,0.0,1024,310,7.42,285,40.0
56,15,283,0.0,1024,310,7.42,285,40.0
2,22,77,0.0,1024,78,0.0,79,0.0
3,22,77,0.0,1024,78,0.0,79,0.0
4,22,77,0.0,1024,78,0.0,79,0.0
5,22,77,0.0,1024,78,0.0,79,0.0
2,23,77,0.0,1024,78,0.0,79,0.0
3,23,77,0.0,1024,78,0.0,79,0.0
4,23,77,0.0,1024,78,0.0,79,0.0
4,24,77,0.0,1024,78,0.0,79,0.0
9,31,77,0.0,1024,78,0.0,79,0.0
25,31,77,0.0,1024,78,0.0,79,0.0
55,31,77,0.0,1024,78,0.0,79,0.0
6,32,77,0.0,1024,78,0.0,79,0.0
22,32,77,0.0,1024,78,0.0,79,0.0
52,32,77,0.0,1024,78,0.0,79,0.0
26,33,77,0.0,1024,78,0.0,79,0.0
32,33,77,0.0,1024,78,0.0,79,0.0
59,29,77,0.46,1024,78,0.46,79,0.46
3,21,77,0.5,1024,78,0.5,79,0.5
5,21,77,0.5,1024,78,0.5,79,0.5
30,18,77,1.26,1024,78,1.26,79,1.26
0,31,77,1.49,1024,78,1.49,79,1.49
10,32,77,1.52,1024,78,1.52,79,1.52
26,32,77,1.52,1024,78,1.52,79,1.52
56,32,77,1.52,1024,78,1.52,79,1.52
56,33,77,1.52,1024,78,1.52,79,1.52
0,30,77,1.72,1024,78,1.72,79,1.72
54,28,77,2.06,1024,78,2.06,79,2.06
57,32,77,2.36,1024,78,2.36,79,2.36
3,19,77,2.5,1024,78,2.5,79,2.5
7,21,77,2.5,1024,78,2.5,79,2.5
11,23,77,2.5,1024,78,2.5,79,2.5
2,20,77,3.0,1024,78,3.0,79,3.0
3,20,77,3.0,1024,78,3.0,79,3.0
4,20,77,3.0,1024,78,3.0,79,3.0
5,20,77,3.0,1024,78,3.0,79,3.0
50,32,77,3.04,1024,78,3.04,79,3.04
5,33,77,3.04,1024,78,3.04,79,3.04
57,14,283,3.28,1024,310,10.7,285,44.06
59,23,77,3.44,1024,78,3.44,79,3.44
2,21,77,3.67,1024,78,3.67,79,3.67
4,21,77,3.67,1024,78,3.67,79,3.67
3,18,77,3.72,1024,78,3.72,79,3.72
7,20,77,3.72,1024,78,3.72,79,3.72
11,22,77,3.72,1024,78,3.72,79,3.72
3,24,77,3.72,1024,78,3.72,79,3.72
13,26,77,3.72,1024,78,3.72,79,3.72
31,6,77,3.78,1024,78,3.78,79,3.78
0,28,77,3.78,1024,78,3.78,79,3.78
18,32,77,3.8,1024,78,3.8,79,3.8
27,33,77,3.9,1024,78,3.9,79,3.9
31,33,375,4.48,608,323,6.28,328,11.85
57,33,77,4.59,1024,78,4.59,79,4.59
7,29,320,4.65,68,245,88.16,170,403.63
10,29,320,4.65,68,321,21.55,344,24.54
23,29,320,4.65,68,344,68.3,321,71.58
26,29,320,4.65,68,321,21.55,344,24.54
53,29,320,4.65,68,344,40.74,321,59.15
4,31,320,4.65,68,321,21.55,173,44.8
20,31,320,4.65,68,321,21.55,344,24.54
7,32,320,4.65,68,323,12.56,370,28.8
8,32,320,4.65,68,321,21.55,322,22.32
23,32,320,4.65,68,323,12.56,370,28.8
24,32,320,4.65,68,321,21.55,322,22.32
54,32,320,4.65,68,322,51.34,403,54.85
7,33,320,4.65,68,321,21.55,344,24.54
17,33,320,4.65,68,321,21.55,344,32.44
20,33,320,4.65,68,274,32.01,403,40.7
23,33,320,4.65,68,321,21.55,344,24.54
49,33,320,4.65,68,321,21.55,344,32.44
52,33,320,4.65,68,274,32.01,403,45.54
1,31,323,4.75,124,375,7.75,349,24.14
59,17,328,4.78,1024,77,4.93,78,4.93
59,9,283,5.07,1024,310,10.57,285,38.75
57,13,283,5.07,1024,310,10.57,285,38.75
59,21,328,5.07,1024,77,5.16,78,5.16
28,30,77,5.1,1024,78,5.1,79,5.1
59,24,77,5.27,1024,78,5.27,79,5.27
56,26,77,5.27,1024,78,5.27,79,5.27
59,30,328,5.35,1024,77,6.19,78,6.19
0,12,77,5.36,1024,78,5.36,79,5.36
2,14,77,5.36,1024,78,5.36,79,5.36
54,26,77,5.36,1024,78,5.36,79,5.36
59,27,328,5.45,1024,77,5.84,78,5.84
55,27,328,5.46,1024,77,6.42,78,6.42
58,25,328,5.5,1024,77,5.96,78,5.96
57,26,328,5.51,1024,77,5.84,78,5.84
13,31,245,5.51,68,403,38.08,401,72.94
16,31,245,5.51,68,246,25.55,269,32.34
45,31,245,5.51,68,320,108.43,170,111.69
47,31,245,5.51,68,246,25.55,173,52.54
48,31,245,5.51,68,246,25.55,269,32.34
10,33,245,5.51,68,246,25.55,403,48.54
42,33,245,5.51,68,246,25.55,171,86.3
59,26,328,5.68,1024,77,6.76,78,6.76
0,29,328,5.83,1024,304,6.84,77,7.1
2,19,375,5.93,608,323,6.28,328,10.19
6,21,375,5.93,608,323,6.28,328,10.19
10,23,375,5.93,608,323,6.28,328,10.19
2,25,375,5.93,608,323,6.28,328,10.19
59,22,328,5.94,1024,77,6.65,78,6.65
58,26,328,5.95,1024,304,7.02,77,7.22
58,31,328,5.95,1024,304,7.02,77,7.22
2,5,323,6.02,124,375,13.02,349,20.48
8,19,323,6.02,124,375,13.02,349,20.48
12,21,323,6.02,124,375,13.02,349,20.48
14,23,323,6.02,124,375,13.02,349,20.48
59,16,328,6.06,1024,304,7.07,77,7.33
59,25,328,6.06,1024,304,7.07,77,7.33
56,27,328,6.06,1024,304,7.07,77,7.33
57,27,328,6.06,1024,304,7.07,77,7.33
57,30,323,6.09,124,300,24.8,369,26.18
11,0,323,6.28,124,375,25.61,349,30.48
11,1,323,6.28,124,375,8.43,349,24.33
0,3,323,6.28,124,349,29.74,535,48.75
1,3,323,6.28,124,349,25.41,535,48.75
31,3,323,6.28,124,375,16.7,349,28.31
47,3,323,6.28,124,535,48.75,248,58.9
49,3,323,6.28,124,349,41.77,535,48.75
53,3,323,6.28,124,535,48.75,248,58.9
55,3,323,6.28,124,349,41.77,535,48.75
56,3,323,6.28,124,349,24.33,535,48.75
57,3,323,6.28,124,349,24.33,535,48.75
58,3,323,6.28,124,349,36.5,535,48.75
59,3,323,6.28,124,535,48.75,327,51.4
1,4,323,6.28,124,535,48.75,248,58.9
11,5,323,6.28,124,375,16.7,349,28.31
3,6,323,6.28,124,349,23.19,375,23.44
2,7,323,6.28,124,375,10.77,300,22.5
31,7,323,6.28,124,375,7.36,77,17.17
1,8,323,6.28,124,401,30.79,351,31.64
2,8,323,6.28,124,349,35.85,403,45.34
31,10,323,6.28,124,375,32.36,349,33.79
0,11,323,6.28,124,349,34.06,535,48.75
3,11,323,6.28,124,535,48.75,248,58.9
5,11,323,6.28,124,349,41.77,535,48.75
14,11,323,6.28,124,77,9.14,78,9.14
31,11,323,6.28,124,375,8.43,349,24.33
2,12,323,6.28,124,375,23.53,52,24.88
14,12,323,6.28,124,535,48.75,248,58.9
0,13,323,6.28,124,375,18.66,328,20.07
2,13,323,6.28,124,349,28.63,560,44.3
3,13,323,6.28,124,375,18.93,328,21.81
5,13,323,6.28,124,349,23.17,555,36.73
6,13,323,6.28,124,349,34.06,535,48.75
4,14,323,6.28,124,375,23.53,52,24.88
8,14,323,6.28,124,535,48.75,248,58.9
2,15,323,6.28,124,375,18.66,328,20.07
4,15,323,6.28,124,349,28.63,560,44.3
5,15,323,6.28,124,375,18.93,328,21.81
7,15,323,6.28,124,349,23.17,555,36.73
8,15,323,6.28,124,349,29.32,535,48.75
10,15,323,6.28,124,535,48.75,248,58.9
11,15,323,6.28,124,349,24.33,535,48.75
31,15,323,6.28,124,375,16.7,349,28.31
2,17,323,6.28,124,349,25.41,535,48.75
3,17,323,6.28,124,535,48.75,349,56.96
4,17,323,6.28,124,349,29.64,555,39.54
5,17,323,6.28,124,349,41.14,535,48.75
6,17,323,6.28,124,349,19.6,375,22.03
29,17,323,6.28,124,77,19.07,78,19.07
30,17,323,6.28,124,375,7.36,349,24.33
7,18,323,6.28,124,349,23.19,375,23.44
31,18,323,6.28,124,375,26.22,349,30.48
4,19,323,6.28,124,375,11.9,349,22.81
6,19,323,6.28,124,375,10.77,300,22.5
31,19,323,6.28,124,375,8.43,372,19.63
9,20,323,6.28,124,349,23.19,375,23.44
11,20,323,6.28,124,349,23.19,248,39.81
8,21,323,6.28,124,375,10.77,300,22.5
10,21,323,6.28,124,375,10.77,300,22.5
55,21,323,6.28,124,535,48.75,248,58.9
13,22,323,6.28,124,349,23.19,375,23.44
31,22,323,6.28,124,349,36.69,375,38.28
12,23,323,6.28,124,375,10.77,300,22.5
31,23,323,6.28,124,375,8.43,349,24.33
9,24,323,6.28,124,77,9.14,78,9.14
24,24,323,6.28,124,375,17.3,349,24.33
31,24,323,6.28,124,375,9.49,349,29.54
54,24,323,6.28,124,349,24.06,375,25.53
12,25,323,6.28,124,375,11.9,349,22.81
14,25,323,6.28,124,375,11.75,349,20.29
24,25,323,6.28,124,375,22.76,349,24.33
25,25,323,6.28,124,20,8.73,535,48.75
31,25,323,6.28,124,375,7.36,77,17.74
54,25,323,6.28,124,349,28.63,560,44.3
55,25,323,6.28,124,375,18.93,328,20.92
56,25,323,6.28,124,375,8.46,77,11.29
57,25,375,6.28,608,323,6.28,328,8.85
2,26,323,6.28,124,535,48.75,248,58.9
11,26,323,6.28,124,349,40.06,535,48.75
54,27,323,6.28,124,328,13.34,77,14.36
1,28,323,6.28,124,535,48.75,248,58.9
49,29,323,6.28,124,349,41.77,535,48.75
1,30,323,6.28,124,403,30.13,402,46.76
10,30,323,6.28,124,300,14.77,375,18.57
11,30,323,6.28,124,300,25.91,225,32.03
12,30,323,6.28,124,375,7.36,349,24.33
13,30,323,6.28,124,349,24.33,535,48.75
26,30,323,6.28,124,300,14.77,375,18.57
27,30,323,6.28,124,300,25.91,225,32.03
29,30,323,6.28,124,375,7.36,349,24.33
48,30,323,6.28,124,375,28.7,349,34.8
50,30,323,6.28,124,375,15.58,77,15.6
52,30,323,6.28,124,320,17.55,370,26.53
6,31,323,6.28,124,351,27.22,347,41.81
10,31,323,6.28,124,77,6.84,78,6.84
22,31,323,6.28,124,375,19.21,301,24.73
26,31,323,6.28,124,77,6.84,78,6.84
44,31,323,6.28,124,349,24.33,535,48.75
56,31,323,6.28,124,372,7.77,375,7.8
11,32,323,6.28,124,375,13.13,372,14.28
12,32,323,6.28,124,403,45.25,535,48.75
27,32,323,6.28,124,375,13.13,372,14.28
28,32,323,6.28,124,375,14.94,372,25.18
44,32,323,6.28,124,403,43.45,535,48.75
53,32,323,6.28,124,375,7.36,77,7.7
58,32,323,6.28,124,375,15.27,328,18.33
6,33,323,6.28,124,375,7.36,77,11.7
30,33,323,6.28,124,375,8.01,300,17.96
33,33,323,6.28,124,535,48.75,248,58.9
59,31,328,6.57,1024,304,7.15,77,7.41
19,32,349,7.06,248,353,27.89,345,31.36
51,32,349,7.06,248,378,25.75,304,27.15
55,23,323,7.23,124,349,18.27,375,35.96
56,30,323,7.23,124,349,26.2,300,27.55
59,18,328,7.71,1024,77,8.92,78,8.92
30,31,349,7.85,248,323,32.97,248,44.77
5,18,323,7.88,124,375,15.49,328,15.93
13,24,323,7.88,124,375,15.49,328,15.93
15,16,323,8.27,124,535,48.75,248,60.89
57,31,304,8.28,1024,328,8.6,77,9.38
1,29,375,8.43,608,323,9.63,349,16.0
4,13,323,8.49,124,349,37.77,535,48.75
6,15,323,8.49,124,349,37.77,535,48.75
57,21,323,8.49,124,345,34.28,349,35.66
54,23,323,8.49,124,349,37.77,535,48.75
58,30,375,8.57,608,77,8.81,78,8.81
57,15,20,8.73,68,233,173.28,156,179.26
3,25,20,8.73,68,403,135.28,233,287.0
6,25,20,8.73,68,21,40.45,22,56.21
28,25,20,8.73,68,21,40.45,22,56.21
29,27,20,8.73,68,44,114.58,21,146.67
31,27,20,8.73,68,21,74.17,44,94.02
34,27,20,8.73,68,21,40.45,22,56.21
35,29,20,8.73,68,44,78.41,21,80.91
38,29,20,8.73,68,21,40.45,22,56.21
38,5,264,8.95,248,60,9.04,383,9.04
58,15,323,9.05,124,351,16.87,401,27.19
59,15,323,9.05,124,353,17.23,349,18.75
58,17,323,9.05,124,349,14.0,401,14.83
59,20,323,9.05,124,351,27.54,349,27.61
58,21,323,9.05,124,351,19.36,376,20.75
56,23,323,9.05,124,375,18.48,301,22.01
58,23,323,9.05,124,304,11.34,328,11.92
0,26,323,9.05,124,248,36.19,535,39.58
2,29,323,9.05,124,248,36.19,535,39.58
0,32,323,9.05,124,328,11.6,304,12.83
0,33,323,9.05,124,375,9.35,372,9.51
1,33,323,9.05,124,349,16.17,375,16.48
59,33,323,9.05,124,328,10.35,77,10.95
2,18,304,9.23,1024,328,10.11,77,12.43
6,20,304,9.23,1024,328,10.11,77,12.43
10,22,304,9.23,1024,328,10.11,77,12.43
2,24,304,9.23,1024,328,10.11,77,12.43
12,26,304,9.23,1024,328,10.11,77,12.43
29,18,77,9.35,1024,78,9.35,79,9.35
12,29,323,9.42,124,349,33.75,248,37.68
28,29,323,9.42,124,349,33.75,248,37.68
52,31,323,9.42,124,375,13.45,372,20.65
16,32,323,9.42,124,225,30.73,349,34.54
32,32,323,9.42,124,375,16.33,353,18.13
48,32,323,9.42,124,225,30.73,349,34.54
58,22,328,9.93,1024,304,11.06,77,11.07
22,30,320,10.02,68,323,21.78,535,48.75
18,33,320,10.16,68,321,14.36,344,67.47
50,33,320,10.16,68,321,14.36,344,67.47
56,22,323,10.3,124,349,15.72,52,21.99
58,27,328,10.65,1024,304,10.81,77,11.92
58,24,378,10.86,940,327,10.94,323,11.55
29,31,328,11.04,1024,304,12.11,77,12.93
7,19,328,11.11,1024,304,12.12,77,13.47
9,21,328,11.11,1024,304,12.12,77,13.47
13,23,328,11.11,1024,304,12.12,77,13.47
11,29,344,11.14,120,322,30.4,173,37.57
27,29,344,11.14,120,322,30.4,173,37.57
51,31,344,11.14,120,322,30.4,173,37.57
5,19,328,11.44,1024,304,12.12,77,13.81
11,21,328,11.44,1024,304,12.12,77,13.81
13,25,328,11.44,1024,304,12.12,77,13.81
2,0,323,12.57,124,535,48.75,349,63.82
0,4,323,12.57,124,535,48.75,349,63.82
0,8,323,12.57,124,535,48.75,349,63.82
15,24,323,12.73,124,248,25.44,349,27.95
5,8,323,12.82,124,248,27.33,535,44.42
58,13,283,12.84,1024,310,21.6,321,30.8
51,30,344,13.19,120,274,19.44,348,28.27
57,22,328,13.71,1024,304,14.31,77,15.54
31,4,375,13.73,608,323,18.13,535,36.31
11,6,375,13.73,608,323,18.13,535,36.31
31,8,375,13.73,608,323,18.13,77,25.87
31,16,375,13.73,608,323,18.13,535,36.31
31,20,375,13.73,608,323,18.13,77,27.79
58,29,304,13.76,1024,327,14.74,328,15.09
25,33,77,13.89,1024,78,13.89,79,13.89
29,32,320,13.94,68,344,17.84,321,32.32
22,33,323,14.33,124,77,19.51,78,19.51
17,31,269,14.63,120,247,37.73,320,77.43
49,31,269,14.63,120,247,37.73,320,77.43
50,17,320,14.78,68,321,38.24,344,39.23
43,21,320,14.78,68,322,50.19,245,65.75
38,23,320,14.78,68,321,38.24,344,39.23
41,26,320,14.78,68,245,65.75,283,70.39
42,26,320,14.78,68,321,38.24,344,39.23
40,28,320,14.78,68,321,52.52,245,65.75
58,16,401,15.04,560,403,82.6,320,165.29
59,28,327,15.24,1020,304,15.79,378,15.84
1,32,359,15.27,1024,405,15.27,328,16.51
55,33,328,15.29,1024,77,15.41,78,15.41
55,26,530,15.5,48,359,28.21,405,28.21
25,29,323,15.7,124,320,17.55,248,31.4
19,31,323,15.7,124,320,17.55,248,31.4
15,33,327,15.81,1020,304,18.02,376,18.77
47,33,327,15.81,1020,304,18.02,376,18.77
42,25,245,16.63,68,246,33.53,247,53.16
2,28,320,16.67,68,321,27.58,344,35.1
3,33,375,16.71,608,328,18.53,77,19.14
55,28,349,16.77,248,403,23.34,378,33.46
31,5,77,17.05,1024,78,17.05,79,17.05
57,28,349,17.1,248,401,17.24,304,19.25
42,21,269,17.23,120,247,45.68,320,62.98
4,18,401,18.23,560,403,20.53,378,21.62
12,24,401,18.23,560,403,20.53,378,21.62
14,32,320,18.59,68,269,31.22,322,56.92
30,32,320,18.59,68,322,21.36,344,28.38
46,32,320,18.59,68,269,31.22,322,56.92
14,24,401,18.66,560,378,20.13,403,23.27
14,26,401,18.66,560,378,20.13,403,23.27
2,6,323,18.83,124,378,22.68,401,22.89
6,18,323,18.83,124,378,22.68,401,22.89
8,20,323,18.83,124,378,22.68,401,22.89
12,22,323,18.83,124,378,22.68,401,22.89
55,29,323,18.84,124,401,22.93,248,30.6
11,31,349,18.84,248,375,21.77,304,23.51
27,31,349,18.84,248,375,21.77,304,23.51
16,33,353,18.88,716,323,21.98,375,28.82
48,33,353,18.88,716,323,21.98,375,28.82
59,19,403,19.09,560,401,27.63,312,31.53
2,33,403,19.18,560,401,19.36,378,20.98
58,19,403,20.02,560,401,21.65,378,24.68
15,25,349,20.57,248,378,20.97,304,22.82
1,12,530,20.61,48,359,28.19,405,28.19
3,14,530,20.61,48,359,28.19,405,28.19
57,23,403,20.75,560,401,30.35,320,35.14
25,30,375,21.13,608,353,21.34,323,21.98
4,33,349,21.19,248,353,24.55,403,24.88
3,5,349,21.2,248,323,32.3,375,36.69
5,7,349,21.2,248,375,24.42,323,32.3
9,19,349,21.2,248,375,26.96,323,32.3
13,21,349,21.2,248,375,26.18,353,29.77
15,23,349,21.2,248,375,32.27,323,32.3
55,30,327,21.46,1020,353,21.74,401,21.81
56,28,403,21.77,560,401,35.97,378,36.74
57,29,403,21.77,560,401,26.99,312,30.22
4,12,323,21.78,124,526,37.12,349,40.48
6,14,323,21.78,124,526,37.12,349,40.48
54,22,323,21.78,124,526,37.12,349,40.48
8,31,369,21.87,1020,349,26.69,351,31.71
24,31,369,21.87,1020,349,26.69,351,31.71
54,31,369,21.87,1020,349,26.69,351,31.71
9,30,323,21.98,124,351,25.91,349,40.82
7,31,323,21.98,124,375,23.21,351,29.54
23,31,323,21.98,124,375,23.21,351,29.54
31,31,323,21.98,124,248,36.88,349,40.03
53,31,323,21.98,124,375,23.21,351,29.54
50,18,245,22.55,68,170,65.12,247,67.05
51,18,245,22.55,68,247,51.42,171,53.42
49,19,245,22.55,68,170,65.12,247,76.75
50,19,245,22.55,68,269,44.52,247,48.17
51,19,245,22.55,68,170,65.12,246,99.61
41,21,245,22.55,68,171,53.42,246,54.85
40,22,245,22.55,68,269,62.22,170,65.12
38,24,245,22.55,68,170,65.12,218,170.73
39,24,245,22.55,68,247,51.42,171,53.42
37,25,245,22.55,68,170,65.12,320,182.49
38,25,245,22.55,68,269,44.52,247,48.17
39,25,245,22.55,68,170,65.12,246,99.61
42,27,245,22.55,68,247,49.15,246,57.38
43,28,245,22.55,68,247,44.61,269,52.94
9,32,401,23.04,560,403,29.9,327,32.22
25,32,401,23.04,560,403,29.9,327,32.22
55,32,401,23.04,560,403,29.9,327,32.22
4,32,320,23.24,68,321,32.89,313,53.63
20,32,320,23.24,68,535,52.81,323,55.38
8,17,349,23.45,248,323,24.18,248,63.0
56,29,323,23.59,124,353,27.06,403,27.36
59,11,283,23.66,1024,310,33.03,528,53.52
5,24,128,23.93,240,126,53.83,129,62.33
9,0,60,24.12,184,383,24.12,264,26.84
29,6,60,24.12,184,383,24.12,264,26.84
29,10,60,24.12,184,383,24.12,264,26.84
29,22,60,24.12,184,383,24.12,264,26.84
1,5,401,24.26,560,351,32.98,376,48.09
58,28,530,25.0,48,401,28.03,378,29.22
12,20,401,25.15,560,351,26.06,353,26.19
31,21,77,25.35,1024,78,25.35,79,25.35
11,7,375,25.39,608,323,25.55,535,36.31
31,9,375,25.39,608,323,25.55,535,36.31
31,17,375,25.39,608,323,25.55,535,36.31
31,1,323,25.55,124,375,30.87,535,36.31
11,3,323,25.55,124,375,30.87,535,36.31
31,13,323,25.55,124,375,30.87,535,36.31
31,32,401,25.58,560,348,36.17,376,37.58
41,24,245,25.82,68,171,53.42,246,54.85
12,33,248,25.89,124,323,42.39,320,46.47
29,33,248,25.89,124,349,25.9,351,27.87
44,33,248,25.89,124,349,41.12,323,42.39
42,20,344,25.97,120,322,30.17,283,37.77
9,28,20,26.18,68,44,43.8,21,60.68
47,25,320,26.27,68,321,73.7,245,85.94
54,33,349,26.29,248,323,26.89,347,36.35
8,30,344,26.33,120,173,35.02,401,39.46
24,30,344,26.33,120,173,35.02,401,39.46
54,30,344,26.33,120,173,35.02,401,39.46
32,5,323,26.34,124,535,55.47,349,66.83
59,13,320,26.39,68,321,30.79,312,38.68
56,20,320,26.39,68,321,29.03,344,35.1
59,14,323,26.82,124,248,28.71,349,33.83
7,17,349,27.05,248,323,32.3,248,46.13
42,28,320,27.1,68,269,36.46,247,53.06
7,30,344,27.18,120,322,35.28,321,35.91
23,30,344,27.18,120,322,35.28,321,35.91
53,30,344,27.18,120,322,35.28,321,35.91
9,15,323,27.35,124,535,48.75,248,79.98
53,33,401,27.38,560,348,27.56,328,29.93
41,27,246,27.39,88,320,51.57,245,52.65
17,32,248,27.46,124,323,31.4,225,54.42
49,32,248,27.46,124,323,31.4,225,54.42
2,32,248,27.48,124,323,31.53,530,34.5
3,7,403,27.5,560,323,31.96,248,45.78
28,33,320,27.88,68,322,36.38,321,46.68
21,33,348,27.97,968,328,28.26,401,28.43
7,25,44,28.19,120,22,64.18,21,178.83
29,25,44,28.19,120,22,64.18,21,178.83
35,27,44,28.19,120,22,64.18,21,178.83
39,29,44,28.19,120,22,64.18,21,178.83
57,20,344,28.26,120,322,40.76,173,49.22
11,27,401,28.43,560,351,189.18,273,194.4
49,30,401,28.43,560,403,48.54,269,49.83
9,33,349,28.52,248,323,29.83,375,41.99
58,33,328,28.76,1024,401,29.29,304,30.84
56,0,320,29.06,68,245,84.8,526,225.3
9,14,320,29.06,68,535,48.75,245,84.8
50,20,245,29.1,68,247,59.09,246,67.5
38,26,245,29.1,68,246,67.5,170,99.9
5,32,401,29.34,560,351,30.08,376,31.42
57,24,248,29.53,124,368,32.99,313,33.74
8,33,344,29.58,120,173,30.38,321,35.91
24,33,344,29.58,120,173,30.38,321,35.91
40,25,269,30.01,120,194,62.36,247,91.16
21,32,351,30.08,688,323,31.42,376,34.38
20,30,321,30.09,88,246,103.94,173,132.81
29,5,60,30.14,184,383,30.14,264,35.78
9,7,60,30.14,184,383,30.14,264,35.78
29,9,60,30.14,184,383,30.14,264,35.78
29,21,60,30.14,184,383,30.14,264,35.78
55,24,312,30.18,1024,403,33.04,322,40.66
11,33,401,30.24,560,348,47.72,403,62.4
56,24,368,30.43,544,353,38.93,351,39.92
8,18,351,30.54,688,353,36.43,378,36.45
56,5,349,30.65,248,375,61.05,353,62.6
19,33,401,31.57,560,173,37.57,403,43.96
51,33,401,31.57,560,173,37.57,403,43.96
54,5,349,31.71,248,323,32.14,555,53.97
9,23,401,31.84,560,351,56.59,376,62.44
43,20,530,32.39,48,248,60.51,173,78.92
43,22,530,32.39,48,321,56.39,248,60.51
44,23,530,32.39,48,321,56.27,320,59.0
56,21,351,32.81,688,401,35.59,346,43.83
52,5,349,33.04,248,323,55.25,274,67.82
31,0,375,33.52,608,349,38.8,323,42.91
11,2,375,33.52,608,349,38.8,323,42.91
31,12,375,33.52,608,301,36.74,77,36.9
54,29,401,33.7,560,301,42.99,135,44.38
11,24,401,34.38,560,403,106.86,527,109.12
9,22,401,34.8,560,359,41.02,405,41.02
34,32,20,34.9,68,22,40.97,44,63.58
18,31,248,34.92,124,173,55.86,344,63.41
50,31,248,34.92,124,321,41.23,173,55.86
21,31,173,35.02,124,344,38.49,322,40.47
59,8,310,35.47,1024,283,37.21,285,47.79
57,12,310,35.47,1024,283,37.21,285,47.79
13,32,269,35.47,120,247,42.21,246,42.58
45,32,269,35.47,120,247,42.21,246,42.58
51,17,245,35.65,68,246,43.65,269,58.24
39,23,245,35.65,68,246,43.65,269,58.24
41,28,245,35.65,68,246,43.65,269,58.24
59,32,403,35.99,560,401,51.88,320,58.0
43,25,170,36.0,68,172,105.41,171,105.62
40,19,245,36.06,68,246,57.38,170,63.18
10,20,351,36.36,688,323,41.54,368,44.14
14,33,322,36.78,512,344,49.09,294,52.14
46,33,322,36.78,512,344,49.09,294,52.14
58,20,345,37.34,812,248,39.55,368,43.5
43,27,245,37.8,68,246,43.65,269,81.3
15,26,403,38.13,560,401,216.87,402,225.34
0,25,530,38.17,48,248,40.49,323,45.57
1,7,530,38.97,48,351,44.19,401,53.88
55,16,283,38.98,1024,310,41.91,285,59.36
3,32,535,39.58,48,530,55.89,321,79.09
14,22,351,39.92,688,323,41.54,368,47.9
3,31,320,39.96,68,245,92.18,526,230.3
2,4,323,41.54,124,349,51.09,535,61.89
4,6,323,41.54,124,351,44.65,368,47.19
32,6,349,42.1,248,360,45.73,323,52.73
43,33,321,42.29,88,320,68.9,246,92.29
41,22,246,42.58,88,321,66.67,344,67.33
9,17,323,43.45,124,248,54.72,349,57.88
43,26,321,43.61,88,173,55.23,344,56.04
41,23,269,44.03,120,194,72.73,245,85.2
33,23,526,44.16,144,403,62.88,312,65.31
33,17,35,44.4,540,313,58.7,320,68.84
59,6,310,44.58,1024,285,49.44,283,49.56
57,10,310,44.58,1024,285,49.44,283,49.56
53,14,310,44.58,1024,285,49.44,283,49.56
31,28,44,44.58,120,21,60.68,22,63.17
14,10,351,45.2,688,530,49.31,401,59.47
34,13,403,45.69,560,530,55.17,248,58.57
14,21,403,45.69,560,530,55.17,401,55.8
32,21,403,45.69,560,312,50.88,401,54.66
34,26,403,45.69,560,530,55.17,248,58.57
33,5,261,46.16,132,60,54.26,383,54.26
41,29,283,46.16,1024,526,54.81,320,59.0
35,13,353,46.36,716,403,50.1,349,50.33
32,19,353,46.36,716,349,50.33,403,54.36
15,21,353,46.36,716,403,50.1,349,50.33
34,25,353,46.36,716,349,50.33,403,52.56
41,25,320,46.61,68,321,104.61,195,110.18
34,19,353,47.33,716,349,50.33,351,53.7
53,11,170,47.57,68,171,92.06,194,95.58
41,17,170,47.57,68,171,92.06,194,95.58
40,18,170,47.57,68,245,265.9,320,657.33
41,18,170,47.57,68,172,86.61,171,92.06
44,25,170,47.57,68,171,92.06,172,92.49
50,5,349,47.62,248,274,56.72,320,61.84
54,1,3,48.25,288,2,84.73,1,150.11
9,9,3,48.25,288,2,84.73,34,128.17
10,9,3,48.25,288,2,84.73,31,128.17
11,13,3,48.25,288,2,103.56,1,150.11
48,27,3,48.25,288,2,84.73,1,150.11
14,29,3,48.25,288,2,84.73,1,150.11
31,29,3,48.25,288,2,103.56,1,150.11
3,0,535,48.75,48,530,88.06,540,297.75
3,2,535,48.75,48,530,88.06,540,297.75
48,3,535,48.75,48,351,80.48,530,88.06
51,3,535,48.75,48,530,88.06,321,133.03
54,3,535,48.75,48,351,80.48,530,88.06
14,9,535,48.75,48,323,63.96,349,66.19
4,11,535,48.75,48,351,80.48,530,88.06
6,11,535,48.75,48,530,88.06,526,164.04
13,15,535,48.75,48,530,88.06,321,133.03
14,15,535,48.75,48,530,88.06,526,164.04
5,23,535,48.75,48,126,53.83,530,88.06
24,26,535,48.75,48,530,88.06,323,96.05
48,29,535,48.75,48,351,80.48,530,88.06
51,29,535,48.75,48,530,88.06,321,133.03
2,31,535,48.75,48,530,88.06,321,202.38
32,31,535,48.75,48,530,88.06,526,89.94
54,13,310,48.86,1024,283,51.08,280,55.61
14,5,35,49.01,540,322,73.31,344,84.7
7,11,530,49.31,48,535,65.0,248,101.94
15,15,530,49.31,48,535,65.0,526,98.74
8,22,403,49.31,560,401,63.04,135,96.6
8,24,530,49.31,48,535,65.0,351,79.31
33,31,530,49.31,48,535,65.0,248,101.94
40,27,170,49.51,68,172,81.76,171,92.06
15,31,248,49.83,124,245,52.84,321,67.2
35,12,35,50.24,540,313,79.66,248,82.51
15,20,35,50.24,540,313,79.66,248,82.51
35,19,349,50.33,248,530,55.17,248,58.57
26,21,349,50.33,248,351,51.04,353,52.47
34,22,349,50.33,248,530,55.17,353,56.74
35,25,349,50.33,248,530,55.17,248,58.57
35,5,261,50.36,132,264,78.13,60,90.23
12,31,322,50.94,512,312,53.31,403,58.76
28,31,322,50.94,512,312,53.31,403,58.76
37,29,20,51.12,68,21,67.77,23,373.62
24,21,312,51.21,1024,403,61.85,313,67.32
59,7,310,51.31,1024,283,54.04,285,56.07
32,11,35,51.31,540,344,72.61,322,75.18
57,11,310,51.31,1024,283,54.04,285,56.07
53,15,310,51.31,1024,283,54.04,285,56.07
12,19,35,51.31,540,344,72.61,322,75.18
42,18,173,51.58,124,530,151.83,540,152.25
58,14,401,51.95,560,344,54.4,312,60.67
26,12,403,51.96,560,312,53.33,401,55.0
32,7,349,52.06,248,530,55.17,353,58.32
52,7,349,52.06,248,530,55.17,248,58.57
34,12,349,52.06,248,530,55.17,248,58.57
14,20,349,52.06,248,530,55.17,248,58.57
29,1,312,52.17,1024,530,55.17,313,61.03
9,3,312,52.17,1024,530,55.17,313,61.03
29,13,312,52.17,1024,530,55.17,313,61.03
32,20,351,52.17,688,530,55.17,312,55.74
10,17,349,52.41,248,274,61.89,320,65.9
31,14,312,52.68,1024,403,56.28,401,73.45
42,22,321,52.94,88,322,56.39,320,59.0
3,12,530,53.39,48,401,57.26,403,60.03
5,14,530,53.39,48,401,57.26,403,60.03
9,18,35,53.47,540,535,57.58,320,61.84
32,25,351,53.54,688,530,55.17,353,57.8
35,20,35,53.72,540,320,61.84,322,62.38
51,0,126,53.83,96,129,62.33,128,64.33
21,25,126,53.83,96,128,118.53,264,196.52
49,10,35,53.96,540,530,55.17,248,62.02
14,4,312,54.19,1024,403,55.02,35,60.32
59,12,401,54.25,560,344,61.49,312,65.73
55,6,35,54.37,540,320,83.61,321,92.03
27,22,35,54.37,540,320,83.61,321,92.03
51,6,35,54.59,540,320,65.9,321,70.85
32,13,349,54.64,248,530,55.17,248,58.57
49,18,349,55.03,248,530,55.17,248,58.57
33,15,349,55.05,248,530,55.17,403,57.66
28,1,530,55.17,48,248,58.57,323,58.74
8,3,530,55.17,48,248,58.57,323,58.74
15,4,530,55.17,48,248,58.57,323,58.74
55,5,530,55.17,48,535,66.42,349,70.01
57,5,530,55.17,48,535,66.42,540,169.42
15,6,530,55.17,48,248,58.57,323,58.74
16,7,530,55.17,48,535,66.42,320,128.41
34,11,530,55.17,48,248,58.57,323,58.74
27,12,530,55.17,48,403,56.91,535,66.42
32,12,530,55.17,48,248,58.57,323,58.74
52,12,530,55.17,48,320,63.08,535,66.42
28,13,530,55.17,48,248,58.57,323,58.74
36,13,530,55.17,48,535,66.42,248,69.9
34,15,530,55.17,48,35,59.14,313,66.22
32,16,530,55.17,48,535,66.42,320,154.24
32,18,530,55.17,48,535,66.42,248,66.59
14,19,530,55.17,48,248,58.57,323,58.74
36,19,530,55.17,48,248,58.57,323,58.74
16,21,530,55.17,48,535,66.42,248,69.9
27,21,530,55.17,48,35,64.96,320,66.1
35,22,530,55.17,48,248,58.57,323,58.74
47,22,530,55.17,48,535,66.42,248,67.18
45,23,530,55.17,48,535,66.42,248,73.49
46,23,530,55.17,48,248,65.47,323,65.65
34,24,530,55.17,48,248,58.57,323,58.74
35,24,530,55.17,48,535,66.42,540,169.42
37,26,530,55.17,48,535,66.42,540,169.42
16,27,530,55.17,48,535,66.42,540,169.42
0,2,323,55.18,124,403,58.42,401,59.15
7,6,35,55.2,540,320,65.9,403,67.29
51,8,35,55.2,540,320,65.9,403,67.29
13,9,530,55.22,48,351,79.99,540,81.25
53,22,530,55.22,48,540,81.25,344,137.66
24,23,530,55.22,48,528,66.2,527,79.17
23,24,530,55.22,48,540,81.25,368,110.97
53,24,530,55.22,48,540,81.25,344,137.66
23,25,530,55.22,48,401,59.9,552,78.05
23,26,530,55.22,48,540,81.25,401,100.04
11,10,526,55.39,144,321,103.73,320,124.14
22,25,526,55.39,144,320,124.14,531,153.75
33,4,35,55.41,540,320,87.67,321,97.26
25,20,35,55.41,540,320,87.67,321,97.26
30,19,401,55.6,560,403,78.23,348,99.26
32,22,35,55.67,540,10,83.43,320,93.08
58,9,310,55.77,1024,283,58.67,280,59.34
56,13,310,55.77,1024,283,58.67,280,59.34
34,2,35,55.8,540,320,61.84,321,62.48
26,18,35,55.8,540,320,61.84,321,62.48
51,13,321,55.82,88,349,57.61,248,70.44
11,4,403,56.44,560,312,64.89,402,80.59
51,11,35,57.15,540,320,65.9,344,91.86
11,19,35,57.15,540,320,65.9,344,91.86
28,2,35,57.33,540,10,84.53,320,93.08
8,4,35,57.33,540,10,84.53,320,93.08
28,14,35,57.33,540,10,84.53,320,93.08
52,17,170,57.35,68,245,76.59,171,110.76
40,23,170,57.35,68,245,76.59,172,96.56
15,32,345,57.39,812,368,61.95,271,71.38
45,24,269,57.43,120,246,87.58,320,93.08
33,9,35,57.49,540,321,69.44,173,85.65
53,9,35,57.49,540,321,69.44,173,85.65
46,17,403,57.57,560,35,116.18,245,158.33
35,17,35,57.78,540,320,61.84,321,62.48
47,32,345,57.98,812,368,61.95,271,62.48
31,2,403,58.08,560,526,60.48,312,62.03
35,2,248,58.33,124,349,75.32,323,78.48
27,18,248,58.33,124,349,75.32,323,78.48
46,20,248,58.33,124,321,72.52,323,78.48
51,16,194,58.73,120,172,89.9,170,107.51
39,22,194,58.73,120,172,89.9,170,107.51
34,17,321,58.77,88,313,66.82,320,68.84
53,1,3,58.97,288,2,94.15,1,150.11
49,23,3,58.97,288,2,112.98,7,160.83
13,29,3,58.97,288,2,94.15,1,150.11
43,23,320,59.0,68,322,61.12,321,71.85
34,18,35,59.21,540,320,61.84,313,64.01
33,16,35,59.3,540,320,61.84,403,62.09
0,6,349,59.41,248,323,62.89,526,68.06
44,21,320,59.65,68,269,86.28,344,89.28
55,8,321,59.67,88,320,68.84,173,79.55
55,13,310,60.33,1024,285,61.68,258,62.68
6,7,35,60.39,540,320,65.9,321,80.86
50,9,35,60.39,540,320,65.9,321,80.86
51,20,247,60.48,512,194,62.12,269,83.51
39,26,247,60.48,512,194,62.12,269,83.51
40,24,245,60.73,68,283,79.07,322,82.55
33,21,312,60.86,1024,344,65.38,349,74.01
52,25,323,60.92,124,535,65.0,529,73.57
10,28,44,60.92,120,22,198.75,45,308.33
32,8,403,61.18,560,35,67.87,322,81.0
52,8,403,61.18,560,35,67.87,322,81.0
32,10,351,61.57,688,313,63.43,369,73.53
52,10,351,61.57,688,313,63.43,369,73.53
12,18,351,61.57,688,313,63.43,369,73.53
6,8,35,61.76,540,320,61.84,321,62.48
50,10,35,61.76,540,320,61.84,321,62.48
10,18,35,61.76,540,320,61.84,321,62.48
14,7,403,61.79,560,401,65.26,312,76.42
26,2,320,61.84,68,245,229.51,170,637.8
33,2,320,61.84,68,321,96.03,87,101.7
6,4,320,61.84,68,35,76.2,321,106.41
32,4,320,61.84,68,321,82.21,344,103.1
15,5,320,61.84,68,322,71.4,530,87.28
6,6,320,61.84,68,321,62.48,344,69.1
27,7,320,61.84,68,245,229.51,526,239.02
47,7,320,61.84,68,245,229.51,170,637.8
33,8,320,61.84,68,321,67.71,322,68.41
50,8,320,61.84,68,321,62.48,344,69.1
53,8,320,61.84,68,321,67.71,322,68.41
26,14,320,61.84,68,530,72.69,248,72.82
22,15,320,61.84,68,321,62.48,344,69.1
35,16,320,61.84,68,321,62.48,322,63.18
36,17,320,61.84,68,173,85.65,248,97.83
25,18,320,61.84,68,321,96.03,87,101.7
24,20,320,61.84,68,321,82.21,344,103.1
34,21,320,61.84,68,321,62.48,344,73.92
19,23,320,61.84,68,526,199.95,245,229.51
25,24,320,61.84,68,321,67.71,322,68.41
16,25,320,61.84,68,173,85.65,321,95.94
15,7,353,62.06,716,555,77.79,375,78.52
6,5,35,62.26,540,320,76.73,10,81.6
34,14,248,62.32,124,320,70.35,321,72.35
7,8,320,62.63,68,322,67.03,35,70.65
51,10,320,62.63,68,322,67.03,35,70.65
11,18,320,62.63,68,322,67.03,35,70.65
53,26,323,62.89,124,535,65.0,248,90.74
14,31,320,62.96,68,344,90.3,348,99.76
46,13,35,63.06,540,10,76.78,320,91.37
56,8,320,63.08,68,321,69.38,526,75.23
49,11,35,63.1,540,403,74.11,10,85.1
55,7,35,63.15,540,10,89.19,320,93.08
27,23,35,63.15,540,10,89.19,320,93.08
45,20,320,63.2,68,321,66.67,344,76.0
33,24,526,63.66,144,320,97.18,531,134.15
13,33,322,63.68,512,368,68.23,293,71.44
45,33,322,63.68,512,368,68.23,293,71.44
33,26,401,63.83,560,403,167.12,35,247.47
57,9,258,64.09,984,285,68.95,310,70.29
53,13,258,64.09,984,285,68.95,310,70.29
14,6,349,64.14,248,248,69.37,530,72.69
51,1,1,64.33,216,7,160.83,2,234.78
17,29,1,64.33,216,7,160.83,2,234.78
3,26,44,64.36,120,21,67.42,22,67.8
35,30,44,64.36,120,21,67.42,22,67.8
23,22,173,64.7,124,320,67.65,322,71.01
19,26,173,64.7,124,170,111.27,246,157.12
29,2,321,64.89,88,320,79.67,312,83.94
9,4,321,64.89,88,320,79.67,312,83.94
29,14,321,64.89,88,320,79.67,312,83.94
43,32,535,65.0,48,323,67.22,529,76.78
33,22,344,65.03,120,322,66.92,313,72.37
48,12,35,65.36,540,320,93.08,10,94.75
34,4,35,65.7,540,320,78.86,322,79.91
26,20,35,65.7,540,320,78.86,322,79.91
33,1,321,65.76,88,35,75.56,320,88.57
13,6,320,65.76,68,321,66.67,344,81.73
25,14,320,65.76,68,321,66.67,344,81.73
25,17,321,65.76,88,35,75.56,320,88.57
33,3,35,65.78,540,320,67.25,321,72.94
25,19,35,65.78,540,320,67.25,321,72.94
47,19,35,66.0,540,320,93.08,245,108.2
41,19,320,66.1,68,269,102.78,293,116.89
46,24,403,66.24,560,312,66.93,320,67.33
27,25,20,66.73,68,21,264.27,98,454.89
42,24,170,66.98,68,171,73.97,194,97.2
16,14,535,67.08,48,530,87.67,349,88.91
17,14,535,67.08,48,530,87.67,323,118.37
18,14,535,67.08,48,530,87.67,349,88.91
19,14,535,67.08,48,530,87.67,349,88.91
20,14,535,67.08,48,349,82.57,530,87.67
21,14,535,67.08,48,530,87.67,323,118.37
22,14,535,67.08,48,530,87.67,349,88.91
23,14,535,67.08,48,530,87.67,323,118.37
54,6,10,67.11,648,35,73.8,320,93.08
26,22,10,67.11,648,35,73.8,320,93.08
51,7,313,67.52,1024,368,70.28,351,71.29
27,15,248,67.56,124,293,94.39,323,95.77
34,16,312,67.71,1024,320,68.71,35,69.52
30,16,331,67.98,1024,385,67.98,320,75.61
48,19,322,67.99,512,344,81.33,35,84.06
12,17,274,68.25,248,320,72.78,35,81.63
51,5,344,68.73,120,526,81.74,173,94.89
16,16,344,69.04,120,322,77.17,173,85.65
29,0,248,69.37,124,349,71.04,530,72.69
9,2,248,69.37,124,349,71.04,530,72.69
29,12,248,69.37,124,349,71.04,530,72.69
27,11,321,69.38,88,320,82.37,35,99.05
36,22,35,69.67,540,320,93.08,246,102.85
56,1,3,69.69,288,2,84.73,34,130.82
56,19,3,69.69,288,2,117.68,5,142.96
24,27,3,69.69,288,2,117.68,5,142.96
18,29,3,69.69,288,2,84.73,5,150.11
47,12,321,69.7,88,320,74.53,322,82.21
44,24,245,69.75,68,194,74.36,269,110.68
32,14,353,70.08,716,403,70.92,378,72.01
25,21,353,70.28,716,345,71.49,349,73.22
32,9,35,70.37,540,320,72.78,344,86.73
52,9,35,70.37,540,320,72.78,344,86.73
38,32,344,70.37,120,322,79.28,320,92.49
35,15,248,70.44,124,323,86.35,530,89.53
34,20,312,70.67,1024,35,71.64,320,71.84
23,23,257,70.94,712,255,86.2,285,95.59
33,14,528,70.98,972,313,76.12,368,77.94
8,1,261,71.37,132,136,98.41,186,98.41
28,3,261,71.37,132,403,245.03,36,305.61
8,5,261,71.37,132,403,245.03,36,310.92
28,7,261,71.37,132,136,105.0,186,105.0
28,11,261,71.37,132,136,105.0,186,105.0
28,15,261,71.37,132,403,245.03,36,310.92
28,19,261,71.37,132,355,190.37,111,203.39
28,23,261,71.37,132,136,115.61,186,115.61
1,17,526,71.39,144,531,136.01,307,166.32
36,11,344,71.51,120,274,76.23,349,79.6
16,19,344,71.51,120,274,76.23,349,79.6
6,30,320,71.67,68,245,117.02,172,372.46
50,13,35,71.76,540,344,74.23,322,82.17
5,31,321,72.2,88,344,83.77,173,86.66
38,22,170,72.27,68,173,134.02,171,168.88
53,5,526,72.38,144,349,80.77,274,91.13
27,19,403,72.48,560,320,95.98,321,97.26
34,33,457,73.02,200,458,73.02,459,73.02
35,33,457,73.02,200,458,73.02,459,73.02
36,33,457,73.02,200,458,73.02,459,73.02
37,33,457,73.02,200,458,73.02,459,73.02
38,33,457,73.02,200,458,73.02,459,73.02
39,33,457,73.02,200,458,73.02,459,73.02
40,33,457,73.02,200,458,73.02,459,73.02
30,24,331,73.39,1024,385,73.39,320,75.61
54,12,320,73.63,68,282,95.67,257,98.24
48,18,321,73.86,88,320,77.8,322,95.27
33,20,540,74.17,48,344,78.38,322,96.9
32,2,320,74.2,68,35,74.31,336,94.22
24,18,320,74.2,68,35,74.31,336,94.22
33,11,312,74.39,1024,530,77.42,313,78.6
13,19,312,74.39,1024,530,77.42,313,78.6
21,30,344,74.62,120,321,135.03,269,149.33
32,24,321,74.91,88,344,97.38,320,116.18
49,15,368,75.01,544,313,75.25,351,84.69
27,2,321,75.03,88,320,75.37,246,120.27
7,4,321,75.03,88,320,75.37,35,92.58
27,14,321,75.03,88,320,75.37,344,95.43
46,1,3,75.06,288,2,103.56,5,114.37
52,1,3,75.06,288,2,103.56,5,114.37
2,9,3,75.06,288,2,103.56,5,114.37
8,0,261,75.09,132,111,201.63,161,201.63
28,6,261,75.09,132,111,198.1,161,198.1
8,8,261,75.09,132,111,208.45,161,208.45
28,10,261,75.09,132,111,198.1,161,198.1
28,22,261,75.09,132,111,210.8,161,210.8
32,26,403,75.18,560,248,84.99,173,99.9
48,15,401,75.19,560,403,83.9,313,87.61
54,8,322,75.35,512,320,84.69,336,85.13
40,30,35,75.41,540,321,75.85,368,79.33
47,13,321,75.5,88,320,76.1,322,86.59
34,3,35,75.59,540,320,93.08,245,108.2
26,19,35,75.59,540,320,93.08,245,108.2
30,1,320,75.61,68,526,140.81,269,142.32
10,3,320,75.61,68,526,140.81,269,142.32
30,5,320,75.61,68,269,107.23,526,140.81
10,7,320,75.61,68,269,107.23,526,140.81
30,9,320,75.61,68,269,107.23,526,140.81
30,13,320,75.61,68,526,140.81,269,142.32
30,21,320,75.61,68,269,107.23,526,140.81
8,26,35,75.62,540,321,75.85,322,80.56
30,26,35,75.62,540,321,75.85,322,80.56
7,3,344,75.77,120,320,77.31,322,101.33
6,27,321,75.85,88,320,85.9,344,126.17
36,28,321,75.85,88,322,80.56,344,84.77
34,29,321,75.85,88,320,85.9,344,126.17
38,31,321,75.85,88,320,85.9,344,126.17
46,22,320,75.96,68,322,97.52,321,100.21
14,30,535,75.97,48,530,115.28,540,324.97
13,17,526,76.0,144,344,76.6,173,85.65
48,10,368,76.14,544,351,77.55,35,106.87
35,11,322,76.29,512,338,78.75,311,79.43
55,11,322,76.29,512,338,78.75,311,79.43
15,19,322,76.29,512,338,78.75,311,79.43
16,17,35,76.32,540,403,78.72,320,87.67
32,0,35,76.49,540,320,86.51,322,90.72
24,16,35,76.49,540,320,86.51,322,90.72
13,3,344,76.58,120,322,83.17,320,102.57
25,11,344,76.58,120,322,83.17,320,102.57
50,7,320,76.73,68,35,85.96,246,99.71
27,13,320,77.31,68,344,83.0,322,103.59
33,10,530,77.42,48,312,77.65,403,79.64
53,10,530,77.42,48,403,79.64,535,88.67
13,18,530,77.42,48,312,77.65,403,79.64
42,23,245,77.45,68,283,82.04,403,86.18
14,17,274,77.49,248,349,87.48,360,110.46
7,26,320,77.67,68,23,102.02,245,118.67
29,26,320,77.67,68,23,102.02,245,118.67
35,28,320,77.67,68,23,102.02,245,118.67
39,30,320,77.67,68,23,102.02,245,118.67
52,29,530,77.72,48,535,113.75,320,158.41
48,21,368,77.9,544,351,98.49,321,99.12
32,1,35,78.14,540,322,97.24,344,97.43
24,17,35,78.14,540,322,97.24,344,97.43
35,26,401,78.42,560,403,156.13,35,220.62
35,4,35,78.88,540,320,93.08,247,107.74
58,8,320,78.88,68,526,94.4,259,94.94
56,12,320,78.88,68,526,94.4,259,94.94
52,16,320,78.88,68,526,79.19,173,83.94
54,16,320,78.88,68,259,91.03,282,93.0
27,20,35,78.88,540,320,93.08,247,107.74
33,25,528,79.01,972,368,79.33,530,82.83
22,17,35,79.08,540,320,93.08,247,106.47
52,6,368,79.19,544,313,80.84,321,88.36
36,20,248,79.19,124,349,86.51,530,89.92
0,24,320,79.47,68,245,236.71,531,244.61
7,0,35,79.61,540,322,97.95,269,112.51
23,18,35,79.61,540,322,97.95,269,112.51
48,20,35,79.71,540,320,93.08,246,102.85
37,30,320,79.78,68,245,142.12,170,429.2
49,9,368,80.64,544,351,94.01,526,120.41
54,7,320,80.78,68,35,84.63,246,99.71
26,23,320,80.78,68,35,84.63,246,99.71
32,23,320,81.04,68,35,86.2,526,147.16
7,7,35,81.44,540,320,93.08,246,102.85
51,9,35,81.44,540,320,93.08,246,102.85
49,14,321,82.09,88,320,100.41,344,119.3
34,1,320,82.14,68,246,99.71,321,101.44
26,17,320,82.14,68,246,99.71,321,101.44
56,7,320,82.25,68,321,118.44,344,121.59
16,15,320,82.25,68,403,106.49,401,106.78
36,26,248,82.51,124,530,89.92,173,97.16
6,24,130,82.75,92,128,259.88,251,284.63
24,29,344,83.01,120,321,84.32,173,91.35
45,13,320,83.61,68,245,161.86,170,467.96
23,16,35,83.74,540,320,93.08,246,102.85
36,21,35,83.82,540,320,93.08,10,97.97
32,17,526,84.26,144,321,93.76,344,116.03
40,20,194,84.54,120,247,119.48,172,161.92
33,6,320,84.88,68,321,109.67,246,109.76
53,6,320,84.88,68,321,109.67,246,109.76
25,22,320,84.88,68,321,109.67,246,109.76
47,16,320,84.96,68,35,85.26,322,87.95
14,2,173,85.65,124,248,97.83,530,124.28
26,10,173,85.65,124,248,97.83,530,124.28
36,16,173,85.65,124,248,97.83,530,124.28
16,24,173,85.65,124,248,97.83,530,124.28
45,1,1,85.78,216,7,160.83,2,164.76
6,9,5,85.78,216,3,134.03,2,141.22
14,13,5,85.78,216,3,134.03,2,141.22
26,27,3,85.78,288,5,114.37,2,127.1
27,27,5,85.78,216,7,144.75,8,144.75
32,29,5,85.78,216,3,134.03,2,141.22
43,29,1,85.78,216,7,160.83,2,164.76
37,31,320,85.9,68,321,99.05,344,178.34
35,0,403,86.05,560,401,134.3,245,151.84
15,8,403,86.05,560,401,134.3,245,151.84
27,16,403,86.05,560,401,134.3,245,151.84
39,32,320,86.14,68,344,91.52,173,99.35
43,24,170,86.24,68,403,147.81,283,206.84
33,0,35,86.63,540,320,91.73,322,96.89
25,16,35,86.63,540,320,91.73,322,96.89
10,1,401,87.11,560,356,99.35,410,99.35
30,7,401,87.11,560,356,99.35,410,99.35
30,11,401,87.11,560,356,99.35,410,99.35
30,23,401,87.11,560,356,99.35,410,99.35
33,7,530,87.28,48,320,93.08,535,98.53
53,7,530,87.28,48,320,93.08,535,98.53
25,23,530,87.28,48,320,93.08,535,98.53
6,3,320,87.67,68,321,97.26,344,100.69
36,9,320,87.67,68,246,127.02,245,138.86
26,13,320,87.67,68,10,97.23,246,102.85
23,15,320,87.67,68,321,97.26,344,100.69
47,17,321,88.24,88,173,96.61,320,102.88
7,5,321,88.36,88,322,94.2,293,95.18
48,14,321,88.36,88,344,90.74,322,103.59
36,18,403,88.81,560,401,108.41,35,176.0
5,3,320,89.02,68,245,131.2,526,262.62
36,12,245,89.84,68,246,95.21,403,108.86
16,20,245,89.84,68,246,95.21,403,108.86
50,16,170,90.29,68,23,95.85,171,120.7
6,0,320,90.37,68,321,118.44,245,123.53
22,18,320,90.37,68,321,118.44,245,123.53
41,20,194,90.42,120,247,119.94,171,136.88
34,8,173,90.9,124,248,106.81,530,124.28
10,0,281,91.05,1024,309,96.48,310,98.93
30,6,281,91.05,1024,309,96.48,310,98.93
30,10,281,91.05,1024,309,96.48,310,98.93
30,22,281,91.05,1024,309,96.48,310,98.93
58,0,3,91.14,288,7,112.58,8,144.75
20,28,3,91.14,288,7,112.58,8,144.75
46,28,3,91.14,288,7,112.58,8,144.75
13,7,320,91.37,68,269,111.06,246,113.53
25,15,320,91.37,68,269,111.06,246,113.53
28,5,261,91.63,132,540,242.53,113,253.35
8,7,261,91.63,132,173,237.67,113,254.73
28,9,261,91.63,132,540,242.53,113,243.75
22,16,35,91.63,540,320,93.08,245,108.2
28,21,261,91.63,132,382,195.51,113,196.37
2,1,530,91.89,48,349,130.55,248,139.87
0,5,530,91.89,48,349,130.55,248,139.87
0,7,530,91.89,48,349,130.55,248,139.87
0,9,530,91.89,48,349,130.55,248,139.87
38,13,23,91.89,124,245,134.16,246,144.85
18,21,23,91.89,124,245,134.16,246,144.85
57,8,530,92.72,48,540,93.42,173,106.81
53,12,530,92.72,48,540,93.42,173,106.81
55,12,530,92.72,48,540,93.42,255,112.42
53,16,530,92.72,48,540,93.42,255,93.78
56,16,530,92.72,48,540,93.42,173,94.37
46,16,35,93.05,540,293,96.8,322,97.29
13,5,320,93.08,68,246,102.85,245,108.2
12,6,320,93.08,68,344,107.71,245,108.2
46,9,320,93.08,68,245,108.2,170,341.82
34,10,320,93.08,68,246,102.85,35,105.25
54,10,320,93.08,68,246,102.85,35,105.25
37,12,320,93.08,68,245,108.2,173,134.02
25,13,320,93.08,68,246,102.85,245,108.2
24,14,320,93.08,68,344,107.71,245,108.2
21,17,320,93.08,68,245,108.2,35,143.93
23,17,320,93.08,68,245,108.2,321,109.15
48,17,320,93.08,68,245,108.2,246,108.77
14,18,320,93.08,68,246,102.85,35,105.25
47,18,320,93.08,68,246,102.85,245,108.2
17,20,320,93.08,68,245,108.2,246,131.32
44,20,320,93.08,68,245,108.2,23,147.94
35,21,320,93.08,68,246,102.85,245,108.2
47,21,320,93.08,68,246,102.85,245,108.2
37,22,320,93.08,68,246,102.85,245,108.2
26,15,320,93.59,68,321,100.67,322,110.84
33,18,401,93.69,560,336,131.26,320,132.53
0,22,320,94.0,68,531,249.61,526,251.01
47,15,35,94.01,540,344,102.92,322,107.69
16,30,245,94.02,68,170,117.1,320,267.84
55,1,2,94.15,328,3,117.94,1,121.52
5,9,2,94.15,328,3,117.94,1,121.52
15,29,2,94.15,328,3,117.94,1,121.52
48,11,401,94.23,560,23,95.85,320,128.41
24,22,313,94.81,1024,368,98.96,37,99.19
13,1,23,95.85,124,245,138.86,171,158.76
36,1,23,95.85,124,245,138.86,10,156.5
13,2,23,95.85,124,245,138.86,38,154.33
32,3,23,95.85,124,245,137.69,247,148.0
48,8,23,95.85,124,245,135.33,247,156.04
49,8,23,95.85,124,269,118.53,320,159.02
16,9,23,95.85,124,245,138.86,10,156.5
25,9,23,95.85,124,245,138.86,171,158.76
48,9,23,95.85,124,245,138.86,171,158.76
25,10,23,95.85,124,245,138.86,38,154.33
24,19,23,95.85,124,245,137.69,247,148.0
46,19,23,95.85,124,245,138.86,171,158.76
35,3,320,95.98,68,321,97.26,173,100.61
16,5,173,95.98,124,248,147.28,530,209.47
50,21,170,96.63,68,172,117.93,98,163.58
51,21,170,96.63,68,194,234.99,171,255.35
38,27,170,96.63,68,172,117.93,98,163.58
39,27,170,96.63,68,194,234.99,171,255.35
34,23,403,97.04,560,530,181.78,540,188.53
4,5,173,97.22,124,530,124.28,248,125.51
48,7,173,97.22,124,530,124.28,248,125.51
58,6,320,97.27,68,526,103.15,307,109.14
56,10,320,97.27,68,526,103.15,307,109.14
52,14,320,97.27,68,526,103.15,307,109.14
2,2,526,97.57,144,344,154.82,532,161.18
46,4,526,97.57,144,368,152.62,344,154.82
52,4,526,97.57,144,368,152.62,344,154.82
58,4,526,97.57,144,368,152.62,344,154.82
2,16,526,97.57,144,368,152.62,344,154.82
8,16,526,97.57,144,368,152.62,344,154.82
14,16,526,97.57,144,344,154.82,532,161.18
46,27,530,97.83,48,535,127.42,248,138.19
51,12,321,98.23,88,320,98.63,526,129.56
45,25,245,98.31,68,246,124.5,171,146.29
54,9,35,99.0,540,246,109.21,247,113.14
34,5,265,99.82,160,264,129.42,262,129.93
59,5,526,99.82,144,283,113.18,344,117.59
27,26,320,100.06,68,245,144.9,8,161.17
17,17,403,101.08,560,248,108.13,530,115.36
22,24,526,101.65,144,320,124.14,293,149.51
6,2,320,101.78,68,23,120.01,245,162.9
5,12,344,102.0,120,312,110.66,540,111.75
7,14,344,102.0,120,312,110.66,540,111.75
55,22,344,102.24,120,312,110.44,540,111.75
30,27,44,102.51,120,20,130.88,22,136.25
36,29,44,102.51,120,20,130.88,22,136.25
52,11,403,102.52,560,173,107.73,170,112.71
30,2,173,102.9,124,322,110.98,336,113.1
10,4,173,102.9,124,322,110.98,336,113.1
30,14,173,102.9,124,322,110.98,336,113.1
11,17,344,102.92,120,173,122.45,322,139.3
23,21,320,103.25,68,269,115.76,321,140.0
11,28,246,103.27,88,245,151.84,170,168.65
57,7,173,103.31,124,248,201.67,23,261.59
17,15,173,103.31,124,274,198.95,248,201.67
22,26,526,103.34,144,256,136.51,257,139.13
46,18,23,103.72,124,245,112.04,269,117.03
34,0,246,104.48,88,245,125.27,173,131.05
26,16,246,104.48,88,245,125.27,173,131.05
12,3,320,104.92,68,246,108.77,245,109.37
24,11,320,104.92,68,246,108.77,245,109.37
33,13,526,105.13,144,320,111.06,321,130.91
32,15,403,105.3,560,401,116.31,35,135.29
13,4,35,105.31,540,269,147.24,322,151.67
25,12,35,105.31,540,269,147.24,322,151.67
59,1,320,105.47,68,245,221.29,526,245.16
21,29,320,105.47,68,245,221.29,526,245.16
47,29,320,105.47,68,245,221.29,526,245.16
42,29,403,105.74,560,7,209.08,138,231.3
9,1,355,106.01,960,86,106.92,409,106.92
29,7,355,106.01,960,86,106.92,409,106.92
29,11,355,106.01,960,86,106.92,409,106.92
29,23,355,106.01,960,86,106.92,409,106.92
6,1,23,106.33,124,245,177.22,170,183.04
45,18,23,106.33,124,172,167.34,170,181.9
22,19,23,106.33,124,245,177.22,170,183.04
48,23,530,107.06,48,173,110.13,248,130.85
9,12,3,107.22,288,8,112.58,2,112.98
21,21,3,107.22,288,1,128.67,2,136.51
29,28,3,107.22,288,8,112.58,2,112.98
46,3,535,107.75,48,530,129.17,323,154.34
50,3,535,107.75,48,368,113.07,351,115.36
52,3,535,107.75,48,530,129.17,323,154.34
2,11,535,107.75,48,530,129.17,323,154.34
12,15,535,107.75,48,368,113.07,351,115.36
54,21,535,107.75,48,530,129.17,323,154.34
22,29,535,107.75,48,530,129.17,323,154.34
50,29,535,107.75,48,368,113.07,351,115.36
7,27,21,107.88,88,20,139.61,44,189.0
39,31,21,107.88,88,20,139.61,44,189.0
54,11,320,108.65,68,526,121.15,336,151.8
36,4,173,108.97,124,320,113.39,248,213.3
34,9,246,109.21,88,247,113.14,245,116.43
53,23,526,109.56,144,321,153.26,320,156.96
53,25,526,109.56,144,321,153.26,320,156.96
53,27,526,109.56,144,321,153.26,320,156.96
50,6,269,109.7,120,245,112.04,35,113.88
0,18,320,110.0,68,531,254.65,526,256.94
0,20,320,110.0,68,531,254.65,526,256.94
3,1,540,110.08,48,530,127.06,173,208.89
1,2,535,110.08,48,530,149.39,382,173.79
45,4,535,110.08,48,530,149.39,382,173.79
47,4,535,110.08,48,530,149.39,113,182.54
53,4,535,110.08,48,530,149.39,113,182.54
59,4,535,110.08,48,530,149.39,113,182.54
1,9,540,110.08,48,530,127.06,173,208.89
3,16,535,110.08,48,530,149.39,113,182.54
9,16,535,110.08,48,530,149.39,113,182.54
47,14,173,110.27,124,322,126.98,311,138.9
6,26,530,110.94,48,535,118.42,245,127.37
28,26,530,110.94,48,535,118.42,245,127.37
34,28,530,110.94,48,535,118.42,245,127.37
38,30,530,110.94,48,535,118.42,245,127.37
37,13,23,110.99,124,245,135.33,246,140.3
17,21,23,110.99,124,245,135.33,246,140.3
45,16,320,111.16,68,526,187.28,531,259.68
50,2,170,111.27,68,245,183.49,171,295.92
10,10,170,111.27,68,194,150.14,171,153.18
12,14,170,111.27,68,245,183.49,171,295.92
50,28,170,111.27,68,245,183.49,171,295.92
4,30,170,111.27,68,245,183.49,171,295.92
35,10,320,111.35,68,246,123.35,269,127.28
55,10,320,111.35,68,246,123.35,269,127.28
15,18,320,111.35,68,246,123.35,269,127.28
48,16,246,111.76,88,245,118.78,247,128.44
48,13,23,112.09,124,245,133.69,247,150.08
22,20,8,112.58,96,5,150.11,83,186.14
2,30,7,112.58,96,1,282.86,403,408.73
12,7,245,112.9,68,320,140.45,246,147.12
24,15,245,112.9,68,320,140.45,246,147.12
5,25,20,113.0,68,21,272.09,86,385.62
16,12,320,113.39,68,245,235.84,170,593.0
40,26,247,113.39,512,219,119.27,320,120.0
45,17,35,114.23,540,245,138.65,173,151.44
47,23,530,114.25,48,173,117.14,283,123.76
37,9,530,115.36,48,535,149.0,540,183.33
58,7,257,115.4,712,170,190.22,171,222.97
56,11,257,115.4,712,255,143.59,260,160.72
52,15,257,115.4,712,282,187.59,170,190.22
46,21,23,116.92,124,245,123.8,247,136.07
15,27,320,117.06,68,526,170.0,531,259.36
56,9,257,117.71,712,255,143.45,285,168.16
52,13,257,117.71,712,282,178.98,307,187.57
56,6,173,117.75,124,530,178.47,248,188.45
26,11,403,119.36,560,312,193.07,321,198.59
50,11,247,119.83,512,10,119.95,35,121.78
10,19,247,119.83,512,10,119.95,35,121.78
50,12,245,119.96,68,171,160.94,172,197.74
8,25,23,121.01,124,401,135.86,194,162.6
30,25,23,121.01,124,194,162.6,320,202.39
36,27,23,121.01,124,10,181.08,401,200.37
40,29,23,121.01,124,320,140.65,194,148.26
28,17,269,121.27,120,344,168.73,320,221.45
55,9,245,122.16,68,247,133.81,23,146.0
15,17,245,122.16,68,246,154.67,247,164.9
5,4,245,122.31,68,247,123.18,10,126.92
49,6,245,122.31,68,247,123.18,10,126.92
3,28,170,122.43,68,194,155.0,172,203.75
5,6,535,122.5,48,530,130.47,320,159.02
30,28,3,122.89,288,2,143.42,5,150.11
38,6,288,124.1,392,289,258.74,286,409.89
44,4,320,124.14,68,245,306.31,170,740.57
37,11,530,124.28,48,535,157.92,540,192.25
37,17,530,124.28,48,535,157.92,540,192.25
49,17,530,124.28,48,245,124.67,246,147.48
17,19,530,124.28,48,535,157.92,540,192.25
26,24,530,124.28,48,535,157.92,173,172.9
17,25,530,124.28,48,344,141.46,535,157.92
45,21,245,124.67,68,247,159.46,173,161.96
50,4,526,124.77,144,320,148.67,321,152.53
56,4,526,124.77,144,320,148.67,321,152.53
0,16,526,124.77,144,320,148.67,321,152.53
6,16,526,124.77,144,320,148.67,321,152.53
12,16,526,124.77,144,320,148.67,321,152.53
14,8,245,125.27,68,311,155.54,337,155.54
37,21,173,125.76,124,23,243.96,248,244.27
35,1,245,125.84,68,173,128.95,246,141.56
15,9,245,125.84,68,173,128.95,246,141.56
27,17,245,125.84,68,173,128.95,246,141.56
36,10,245,125.92,68,269,136.61,247,155.34
16,18,245,125.92,68,269,136.61,247,155.34
45,3,540,126.33,48,530,143.31,344,220.42
51,4,535,126.33,48,530,147.31,403,155.61
57,4,535,126.33,48,530,147.31,403,155.61
1,11,540,126.33,48,530,143.31,344,220.42
7,13,540,126.33,48,530,143.31,344,220.42
1,16,535,126.33,48,530,147.31,403,155.61
7,16,535,126.33,48,530,147.31,403,155.61
13,16,535,126.33,48,530,147.31,403,155.61
53,21,540,126.33,48,530,143.31,344,220.42
11,25,540,126.33,48,528,126.45,344,127.16
19,27,540,126.33,48,530,143.31,173,229.48
43,31,540,126.33,48,530,143.31,344,220.42
52,18,173,128.3,124,530,163.44,540,190.03
33,12,320,128.41,68,401,139.28,336,194.35
13,20,320,128.41,68,401,137.85,336,182.12
23,20,320,128.41,68,218,213.11,526,226.26
30,3,294,128.6,1020,338,135.38,311,137.62
10,5,294,128.6,1020,338,135.38,311,137.62
30,15,294,128.6,1020,338,135.38,311,137.62
58,5,360,130.11,924,406,138.38,283,152.95
45,22,245,130.63,68,269,151.83,194,160.0
48,22,403,130.66,560,60,212.28,383,212.28
8,27,20,130.88,68,21,158.85,22,171.05
49,12,173,131.05,124,10,148.29,35,161.61
49,20,246,131.12,88,245,137.65,247,165.92
12,27,403,131.13,560,323,147.11,375,148.65
7,2,173,131.23,124,245,138.86,246,166.85
12,1,245,132.16,68,170,202.8,320,259.78
58,18,321,132.42,88,320,165.29,526,165.35
37,10,23,132.8,124,245,138.86,170,167.31
17,18,23,132.8,124,245,138.86,170,167.31
58,2,173,132.81,124,321,143.58,344,192.23
46,30,173,132.81,124,321,143.58,344,192.23
44,18,247,133.53,512,173,134.02,246,138.71
12,4,245,133.73,68,247,146.88,35,156.28
24,12,245,133.73,68,247,146.88,35,156.28
34,7,173,134.02,124,23,192.24,248,279.97
47,9,173,134.02,124,246,145.53,245,148.39
43,19,245,134.24,68,320,161.67,170,319.67
13,8,259,136.84,780,173,163.37,257,164.93
33,32,530,137.39,48,535,171.42,540,175.08
8,13,173,137.62,124,530,184.17,535,198.53
47,11,245,137.69,68,247,141.71,246,166.85
45,11,245,138.35,68,320,165.67,170,323.51
27,0,245,138.86,68,170,167.31,320,304.18
12,2,245,138.86,68,173,149.76,246,166.85
47,8,245,138.86,68,23,141.03,171,158.76
24,10,245,138.86,68,170,167.31,320,304.18
49,13,245,138.86,68,171,166.12,170,167.31
46,14,245,138.86,68,171,166.85,170,167.31
49,16,245,138.86,68,170,167.31,194,182.97
44,22,245,138.86,68,170,167.31,246,167.76
10,27,49,139.41,248,20,139.61,170,300.43
34,31,49,139.41,248,20,139.61,68,147.84
35,32,170,139.63,68,245,184.16,46,286.31
6,23,130,140.45,92,129,245.6,127,267.0
34,30,20,141.08,68,173,175.2,530,184.72
45,15,23,141.22,124,172,205.72,170,206.75
29,24,44,142.52,120,330,381.62,61,407.19
30,0,245,143.16,68,284,156.14,259,178.43
10,2,245,143.16,68,284,156.14,259,178.43
30,4,245,143.16,68,256,155.26,247,160.0
10,6,245,143.16,68,256,155.26,247,160.0
30,8,245,143.16,68,256,155.26,247,160.0
30,12,245,143.16,68,284,156.14,259,178.43
30,20,245,143.16,68,256,155.26,247,160.0
46,31,320,143.27,68,344,146.37,173,146.83
46,15,23,143.67,124,38,160.79,35,173.11
7,23,127,144.05,252,252,316.02,130,331.32
6,29,7,144.75,96,1,378.2,95,424.2
29,3,265,144.92,160,264,226.67,60,264.75
9,5,265,144.92,160,264,226.67,60,264.75
29,15,265,144.92,160,264,226.67,60,264.75
29,19,265,144.92,160,262,224.72,264,226.67
44,15,23,145.26,124,172,170.38,170,181.9
52,21,98,145.66,124,320,193.73,526,205.5
35,9,23,146.0,124,173,265.85,269,292.46
36,0,23,147.08,124,173,272.52,248,506.1
16,8,23,147.08,124,269,215.61,173,272.52
47,24,320,147.1,68,35,200.67,245,223.12
2,27,245,147.8,68,170,151.78,98,174.6
15,22,535,148.03,48,530,156.0,403,261.64
46,11,246,149.45,88,245,154.61,269,210.36
57,0,1,150.11,216,7,160.83,2,260.2
8,11,5,150.11,216,8,160.83,494,451.19
10,12,5,150.11,216,8,160.83,3,163.07
55,19,1,150.11,216,7,160.83,95,399.02
20,23,1,150.11,216,7,160.83,31,320.75
21,27,1,150.11,216,7,160.83,288,370.02
28,27,5,150.11,216,8,160.83,119,418.78
47,27,1,150.11,216,7,160.83,95,399.02
19,28,1,150.11,216,7,160.83,138,251.88
3,29,1,150.11,216,7,160.83,3,247.64
49,21,170,153.0,68,173,157.2,220,179.7
41,31,320,153.33,68,526,234.82,245,321.9
25,27,7,155.97,96,1,267.47,2,350.96
44,19,23,156.48,124,170,198.78,172,226.46
18,26,1,157.26,216,7,160.83,95,399.02
51,14,194,157.62,120,170,163.57,245,204.49
7,24,44,158.12,120,245,639.98,194,681.87
15,12,526,159.05,144,368,205.6,320,208.73
8,23,256,160.6,1024,259,164.75,257,165.1
47,1,8,160.83,96,119,1638.68,5,1645.37
48,1,7,160.83,96,95,399.02,20,1139.63
49,1,8,160.83,96,5,515.14,494,786.5
57,1,8,160.83,96,5,194.72,1,216.16
9,8,7,160.83,96,1,231.09,2,393.28
10,8,8,160.83,96,5,204.35,7,257.33
8,9,7,160.83,96,1,304.0,95,399.02
10,13,7,160.83,96,1,194.72,5,216.16
21,20,7,160.83,96,1,168.87,95,399.02
22,21,8,160.83,96,5,287.42,119,410.53
20,22,7,160.83,96,540,390.69,95,399.02
50,22,7,160.83,96,8,160.83,3,176.22
51,22,8,160.83,96,7,354.67,423,369.46
50,23,8,160.83,96,5,171.56,3,263.78
18,27,8,160.83,96,5,340.87,119,459.67
4,29,8,160.83,96,5,165.07,3,361.01
16,29,8,160.83,96,5,165.07,3,361.01
19,29,8,160.83,96,5,194.72,1,216.16
30,29,7,160.83,96,1,194.72,5,216.16
45,29,8,160.83,96,3,242.43,7,273.42
49,22,7,160.96,96,98,319.15,493,326.97
47,20,173,160.98,124,223,241.77,247,251.4
39,20,170,163.57,68,245,204.49,320,438.98
9,26,245,163.84,68,49,166.87,199,204.6
31,26,245,163.84,68,49,166.87,199,204.6
37,28,245,163.84,68,49,166.87,199,204.6
52,27,320,164.31,68,245,430.49,526,508.96
9,27,320,164.57,68,194,255.0,245,307.69
53,0,245,165.0,68,171,173.11,269,185.46
57,17,320,165.29,68,526,174.46,368,246.96
33,30,245,166.71,68,320,225.24,170,330.57
26,26,44,166.9,120,21,231.82,22,278.47
4,8,320,168.73,68,245,433.61,526,727.46
48,4,531,169.0,144,368,210.25,527,210.5
54,4,531,169.0,144,368,210.25,527,210.5
4,16,531,169.0,144,368,210.25,527,210.5
10,16,531,169.0,144,368,210.25,527,210.5
17,30,173,171.13,124,23,223.54,269,240.48
16,28,535,171.28,48,530,197.25,540,375.39
3,27,68,171.81,544,45,204.2,171,205.85
51,25,526,172.31,144,320,215.78,531,246.64
44,27,530,174.89,48,540,175.14,535,275.69
7,22,127,175.29,252,130,331.32,252,345.83
22,23,245,175.47,68,526,241.85,536,253.32
0,17,248,175.57,124,323,195.2,173,241.04
52,24,526,176.08,144,320,207.24,245,235.73
19,21,23,176.32,124,247,367.23,386,397.38
7,1,245,177.22,68,170,183.04,194,186.59
23,19,245,177.22,68,170,183.04,194,186.59
53,17,287,177.55,300,173,211.56,138,234.35
23,12,245,177.8,68,320,225.0,170,341.31
1,24,320,178.76,68,526,260.77,245,313.25
4,25,403,180.88,560,21,368.8,158,388.04
5,2,23,181.3,124,170,192.16,172,193.39
55,0,170,182.71,68,245,211.71,246,400.5
13,28,170,182.71,68,245,211.71,246,357.97
8,6,382,184.07,256,113,184.57,261,209.89
28,20,382,184.07,256,113,184.57,261,209.89
45,19,170,184.63,68,194,195.19,245,197.16
29,16,321,185.76,88,526,194.8,540,210.61
5,5,23,186.54,124,171,207.89,170,219.55
49,7,23,186.54,124,171,207.89,170,219.55
22,22,245,188.9,68,320,213.71,170,379.04
51,23,127,189.43,252,130,331.32,126,358.83
52,22,526,190.09,144,320,200.39,245,221.12
35,31,245,191.41,68,171,194.76,246,217.94
33,19,98,192.11,124,194,214.79,320,306.43
44,29,8,193.0,96,3,246.3,2,364.17
2,3,403,193.29,560,104,206.67,229,206.67
46,5,403,193.29,560,104,206.67,229,206.67
44,3,320,193.73,68,245,508.37,286,810.74
42,31,320,193.73,68,526,255.13,531,318.16
33,27,20,195.57,68,21,610.95,171,704.44
27,8,170,197.63,68,245,288.43,172,310.76
1,22,320,198.33,68,526,289.52,245,356.08
1,26,320,198.33,68,526,289.52,245,356.08
1,19,526,199.2,144,320,214.51,531,321.4
1,21,526,199.2,144,320,214.51,531,321.4
1,23,526,199.2,144,320,214.51,531,321.4
1,25,526,199.2,144,320,214.51,531,321.4
28,0,320,199.76,68,245,219.78,246,263.05
8,2,320,199.76,68,245,219.78,246,263.05
28,12,320,199.76,68,245,219.78,246,263.05
20,24,127,200.94,252,126,285.67,252,330.03
55,18,245,202.08,68,170,212.69,320,382.8
12,5,170,203.1,68,194,223.87,172,239.88
24,13,170,203.1,68,194,223.87,172,239.88
44,1,7,209.08,96,95,449.37,20,999.24
7,9,8,209.08,96,401,266.62,494,349.42
15,13,8,209.08,96,156,447.54,403,468.44
33,29,8,209.08,96,494,356.88,5,433.67
27,28,173,209.35,124,540,355.86,530,356.06
46,10,170,209.69,68,245,403.86,20,466.9
28,4,261,209.89,132,170,212.67,171,218.06
28,8,261,209.89,132,171,211.02,170,212.67
28,16,261,209.89,132,171,211.02,170,212.67
4,2,170,210.39,68,171,245.76,194,250.6
47,10,170,210.39,68,38,230.17,171,244.85
50,14,170,210.39,68,172,237.01,23,250.1
20,20,170,210.39,68,171,245.76,194,250.6
18,20,173,211.67,124,23,261.11,540,335.92
41,30,245,212.2,68,35,258.71,170,298.33
54,0,540,213.22,48,530,230.19,535,339.56
29,4,330,213.47,924,265,218.22,124,239.62
9,6,330,213.47,924,265,218.22,124,239.62
29,8,330,213.47,924,265,218.22,124,239.62
29,20,330,213.47,924,265,218.22,124,239.62
45,14,23,214.18,124,10,218.07,170,219.55
0,27,403,216.42,560,321,345.79,158,414.2
49,5,320,216.61,68,307,234.4,526,239.94
7,10,245,219.29,68,320,236.41,526,278.83
12,12,540,220.36,48,530,237.33,535,346.69
1,6,526,221.48,144,269,233.67,320,233.96
10,25,127,222.13,252,130,331.32,252,390.55
1,18,320,223.53,68,526,320.91,245,401.67
35,23,403,224.37,560,401,267.15,336,316.4
11,8,7,225.17,96,8,225.17,1,235.89
12,8,8,225.17,96,5,235.89,571,298.66
8,28,127,225.37,252,130,331.32,252,393.64
46,25,530,225.58,48,540,241.83,173,256.81
59,2,526,225.78,144,320,237.84,368,266.17
47,30,526,225.78,144,320,237.84,368,266.17
57,16,22,226.98,512,20,306.08,171,350.77
39,28,44,228.49,120,423,386.74,320,448.65
6,22,127,230.13,252,131,288.67,133,288.67
11,14,170,233.51,68,245,398.2,8,402.58
31,30,170,233.51,68,245,398.2,8,402.58
47,5,138,233.59,432,407,233.59,158,256.88
40,21,264,234.48,248,60,235.99,383,235.99
46,26,23,234.82,124,194,253.61,173,253.7
42,32,245,234.86,68,536,258.07,320,304.88
40,32,194,237.58,120,173,241.7,23,258.39
1,20,320,239.53,68,526,333.87,245,428.49
51,24,170,241.67,68,171,322.3,194,350.26
21,26,265,243.97,160,136,249.29,186,249.29
45,28,7,245.82,96,95,460.14,1,827.19
46,2,571,247.64,312,596,449.83,7,457.19
52,2,571,247.64,312,596,449.83,7,457.19
2,10,571,247.64,312,596,449.83,7,457.19
54,20,571,247.64,312,7,457.19,572,459.98
22,28,571,247.64,312,7,457.19,572,459.98
27,3,401,250.25,560,101,406.09,226,406.09
0,10,530,251.61,48,199,279.9,173,315.54
6,12,530,251.61,48,199,279.9,173,315.54
45,2,7,252.47,96,571,298.85,33,394.7
1,10,7,252.47,96,571,298.85,20,519.27
6,10,8,252.47,96,170,315.0,32,394.7
7,12,7,252.47,96,571,298.85,20,519.27
14,14,8,252.47,96,170,315.0,32,394.7
53,20,7,252.47,96,571,298.85,20,519.27
52,28,8,252.47,96,170,315.0,571,531.68
32,30,8,252.47,96,170,315.0,32,394.7
43,30,7,252.47,96,571,298.85,33,394.7
4,28,540,256.81,48,530,271.33,535,381.58
15,14,320,256.82,68,245,259.71,526,365.41
53,28,320,256.82,68,245,259.71,526,364.81
54,17,287,258.92,300,290,358.24,170,394.82
50,15,170,263.47,68,261,265.12,113,270.38
38,21,170,263.47,68,261,265.12,20,523.47
17,16,530,266.47,48,403,271.24,540,301.44
34,6,289,266.99,360,138,640.46,407,640.46
35,18,403,268.27,560,138,306.48,407,306.48
20,27,330,268.87,924,98,301.7,61,306.46
42,30,173,268.87,124,540,291.28,530,303.58
51,15,261,269.3,132,145,315.18,571,319.55
39,21,261,269.3,132,170,345.75,95,457.61
56,17,170,274.25,68,171,421.86,571,437.48
14,27,170,274.25,68,138,385.48,407,385.48
18,18,23,274.68,124,361,446.87,411,450.47
28,24,530,280.61,48,535,314.25,111,317.17
55,17,571,281.85,312,466,368.17,1,393.53
13,27,571,281.85,312,466,368.17,1,393.53
52,23,320,283.2,68,526,393.64,536,418.04
36,23,403,284.66,560,138,305.01,407,305.01
17,13,131,285.0,120,208,320.62,133,342.0
21,13,131,285.0,120,208,320.62,133,342.0
11,11,128,287.93,240,261,313.27,170,317.84
49,4,170,288.04,68,98,301.7,172,302.32
55,4,170,288.04,68,98,301.7,172,302.32
12,9,170,288.04,68,194,400.34,245,428.73
5,16,170,288.04,68,98,301.7,172,302.32
11,16,170,288.04,68,98,301.7,172,302.32
10,11,131,288.67,120,133,288.67,208,288.67
20,25,7,289.5,96,5,380.85,119,401.93
26,9,23,297.53,124,173,549.53,361,648.36
48,5,158,299.51,548,233,303.21,156,328.0
32,28,194,302.89,120,245,353.14,320,376.02
20,26,540,304.31,48,530,320.5,113,379.42
16,6,403,316.01,560,158,393.31,290,443.49
36,31,194,316.11,120,23,323.65,170,346.08
15,10,138,316.61,432,407,316.61,289,735.07
20,13,126,320.04,96,132,605.65,261,652.89
52,20,173,321.34,124,269,329.79,98,336.75
36,5,130,322.41,92,262,436.46,264,450.37
10,24,403,324.99,560,126,371.17,362,382.23
56,2,98,325.04,124,571,348.44,23,364.75
18,30,98,325.04,124,571,348.44,23,364.75
44,30,98,325.04,124,571,348.44,23,364.75
23,13,133,330.24,120,287,536.68,208,619.21
22,27,7,330.81,96,3,361.12,95,472.73
37,27,138,333.39,432,407,333.39,361,484.73
21,19,35,333.81,540,245,382.96,10,385.22
16,11,320,334.55,68,321,378.58,246,399.09
37,0,540,335.92,48,530,337.56,535,410.25
17,8,540,335.92,48,530,337.56,269,385.97
38,12,540,335.92,48,530,337.56,535,410.25
36,32,23,336.56,124,173,503.27,194,506.07
26,25,21,339.27,88,23,462.84,49,583.61
17,9,23,340.56,124,361,503.49,411,526.22
24,9,170,342.25,68,245,353.37,320,556.61
59,0,32,352.56,980,34,354.84,1,417.74
8,12,33,352.56,980,31,354.84,5,417.74
21,28,32,352.56,980,34,354.84,1,417.74
28,28,33,352.56,980,31,354.84,5,417.74
47,28,32,352.56,980,34,354.84,1,417.74
3,30,32,352.56,980,34,354.84,1,417.74
52,0,170,353.73,68,245,482.69,571,493.11
30,30,535,355.67,48,530,394.97,170,590.29
6,28,126,358.83,96,362,419.06,127,458.19
37,18,105,360.98,680,230,360.98,290,500.01
16,22,138,363.03,432,407,363.03,403,366.95
21,23,1,364.52,216,95,399.02,7,432.75
9,25,126,371.17,96,362,382.23,95,515.92
57,19,8,376.78,96,5,599.35,494,696.57
0,21,138,377.85,432,407,377.85,287,384.54
52,26,320,380.63,68,245,555.43,286,829.41
28,18,194,381.18,120,320,384.2,124,399.75
10,26,320,383.96,68,530,484.81,526,494.97
18,28,320,383.96,68,526,494.97,245,637.2
18,22,38,385.1,664,138,389.25,407,389.25
38,28,530,389.11,48,172,399.37,194,409.92
47,2,571,391.08,312,7,416.17,98,468.85
53,2,571,391.08,312,7,416.17,98,468.85
3,10,571,391.08,312,7,416.17,98,468.85
55,20,571,391.08,312,7,416.17,98,468.85
23,28,571,391.08,312,7,416.17,98,468.85
20,21,38,396.27,664,70,508.9,47,513.62
42,19,138,396.95,432,407,396.95,287,532.35
18,17,257,398.13,712,158,400.47,280,404.3
48,2,571,400.71,312,194,444.51,98,450.05
54,2,571,400.71,312,194,444.51,98,450.05
4,10,571,400.71,312,194,444.51,98,450.05
24,28,571,400.71,312,194,444.51,98,450.05
48,28,571,400.71,312,194,444.51,98,450.05
12,28,23,400.9,124,530,402.56,246,408.97
0,23,138,404.48,432,407,404.48,287,407.73
51,27,8,407.44,96,5,700.7,494,835.35
19,24,23,409.85,124,7,464.0,38,513.35
0,19,138,410.83,432,407,410.83,287,416.89
51,2,170,412.71,68,23,427.51,98,450.16
13,14,170,412.71,68,23,427.51,98,450.16
51,28,170,412.71,68,23,427.51,98,450.16
5,30,170,412.71,68,23,427.51,98,450.16
49,2,7,416.17,96,571,447.45,33,557.53
55,2,7,416.17,96,571,447.45,33,557.53
5,10,7,416.17,96,571,447.45,33,557.53
25,28,7,416.17,96,571,447.45,33,557.53
49,28,7,416.17,96,571,447.45,33,557.53
15,30,7,416.17,96,571,447.45,33,557.53
45,5,286,418.44,268,423,986.57,101,2136.73
11,12,287,428.76,300,289,802.49,288,1008.3
19,25,95,429.61,68,7,478.38,540,629.58
4,4,246,432.82,88,171,517.58,321,546.24
37,32,172,434.58,512,71,557.46,22,566.88
17,22,282,439.98,960,307,442.02,257,442.6
23,27,3,440.51,288,2,564.38,7,585.76
11,9,252,443.82,264,126,488.5,97,510.38
9,13,571,446.09,312,596,494.97,98,514.91
29,29,571,446.09,312,596,494.97,98,514.91
18,24,411,451.06,1024,361,452.03,386,458.41
36,30,44,460.07,120,22,547.98,46,563.35
19,15,255,460.94,1024,285,476.23,260,486.43
26,28,596,467.08,660,572,476.77,98,489.56
18,15,255,467.83,1024,285,476.23,260,488.67
18,19,411,469.06,1024,361,470.63,386,476.31
21,18,260,469.42,1024,256,471.14,307,471.76
40,31,261,473.99,132,60,568.17,383,568.17
16,13,261,476.9,132,126,513.68,132,605.65
52,19,23,478.02,124,98,528.66,173,570.49
44,28,540,478.28,48,530,581.25,173,591.06
19,22,307,484.87,808,257,487.4,258,491.92
38,14,138,484.96,432,407,484.96,287,578.04
44,2,170,498.49,68,261,694.65,143,694.71
47,26,287,499.06,300,571,551.21,172,603.57
18,8,257,500.9,712,258,530.67,361,530.8
18,16,257,500.9,712,307,502.59,258,506.47
19,16,257,500.9,712,307,502.59,258,506.47
19,17,257,500.9,712,307,502.59,258,506.47
20,17,257,500.9,712,307,502.59,258,506.47
19,18,257,500.9,712,307,502.59,258,506.47
20,18,257,500.9,712,307,502.59,258,506.47
19,19,257,500.9,712,307,502.59,258,506.47
20,19,257,500.9,712,307,502.59,258,506.47
19,20,257,500.9,712,307,502.59,258,506.47
16,23,257,500.9,712,307,502.59,258,506.47
17,23,257,500.9,712,307,502.59,258,506.47
18,23,257,500.9,712,307,502.59,258,506.47
17,24,257,500.9,712,307,502.59,258,506.47
18,25,257,500.9,712,307,502.59,258,506.47
21,12,257,503.83,712,258,510.86,361,512.27
21,24,119,506.33,120,170,540.37,5,572.4
39,13,23,510.6,124,98,812.98,173,1001.16
9,29,245,512.39,68,320,560.76,530,584.97
33,28,68,518.17,544,172,548.52,38,620.18
58,1,33,518.36,980,32,532.38,466,534.35
20,29,33,518.36,980,32,532.38,466,534.35
46,29,33,518.36,980,32,532.38,466,534.35
57,2,98,519.82,124,172,531.51,44,562.04
19,30,98,519.82,124,172,531.51,44,562.04
45,30,98,519.82,124,172,531.51,44,562.04
20,15,255,522.17,1024,260,541.03,285,545.38
5,29,130,533.58,92,252,632.44,119,646.97
49,27,8,534.58,96,287,1593.66,289,1631.9
17,12,259,538.66,780,258,552.19,309,556.84
32,27,261,539.95,132,60,622.61,383,622.61
22,10,257,540.21,712,361,560.02,411,563.32
4,7,138,543.32,432,407,543.32,286,657.87
16,10,287,544.09,300,361,546.43,38,551.69
21,16,386,556.32,1024,411,558.4,361,566.7
21,11,361,563.35,1024,307,589.33,411,590.89
22,12,411,571.06,1024,361,576.19,386,577.78
8,29,246,571.12,88,321,622.0,530,651.89
20,12,257,580.99,712,259,606.8,411,616.16
13,13,3,584.6,288,7,585.76,2,662.65
53,19,95,584.76,68,20,1290.24,126,1619.64
19,12,257,589.5,712,259,598.21,386,604.13
10,14,170,590.29,68,23,602.69,20,625.86
21,10,361,591.97,1024,411,594.44,386,600.64
12,13,5,594.23,216,3,652.44,119,723.7
35,6,288,601.06,392,289,620.13,286,642.76
17,11,259,602.13,780,411,630.51,257,642.66
50,24,33,608.83,980,34,641.43,7,670.5
18,9,361,612.09,1024,411,625.15,307,642.88
26,8,361,612.47,1024,411,622.09,386,662.54
20,16,259,615.18,780,411,626.32,386,627.2
22,9,259,616.79,780,536,692.34,284,730.35
27,9,361,621.66,1024,411,663.32,386,679.8
22,6,540,629.58,48,530,865.83,535,1083.25
22,7,540,629.58,48,23,771.32,530,865.83
23,9,540,629.58,48,23,826.59,530,865.83
36,24,540,629.58,48,530,865.83,535,1083.25
36,25,540,629.58,48,259,631.88,536,644.97
20,10,361,629.74,1024,411,646.71,307,655.64
7,28,467,643.05,196,355,758.94,236,764.29
18,12,411,646.05,1024,361,649.89,386,649.96
19,10,361,647.39,1024,411,663.38,307,680.9
21,8,257,648.11,712,411,660.46,361,667.78
37,20,530,648.64,48,535,659.89,540,762.89
38,10,540,650.58,48,530,744.83,535,872.92
4,3,289,651.93,360,287,660.96,288,712.02
21,9,361,653.33,1024,411,666.8,386,691.61
37,23,287,654.12,300,138,742.31,407,742.31
41,32,68,655.08,544,73,661.11,38,670.49
39,5,130,659.07,92,8,1103.33,540,2053.92
17,7,361,665.51,1024,411,679.59,386,704.4
17,10,361,671.73,1024,411,692.61,307,723.08
20,9,540,685.61,48,257,708.85,23,799.23
22,11,361,686.36,1024,411,693.72,386,722.39
48,26,98,715.08,124,23,1291.45,265,1539.62
21,15,138,715.98,432,407,715.98,287,797.26
18,10,361,721.7,1024,411,740.67,386,770.72
15,11,245,722.67,68,423,778.09,170,796.92
27,10,361,734.01,1024,411,738.03,386,785.62
20,11,361,741.89,1024,411,753.03,386,776.26
20,3,362,744.57,108,363,744.71,364,745.67
21,3,362,744.57,108,363,744.71,364,745.67
20,4,362,744.57,108,363,744.71,364,745.67
21,4,362,744.57,108,363,744.71,364,745.67
20,5,362,744.57,108,363,752.11,364,753.31
21,5,362,744.57,108,363,744.71,364,745.67
20,6,362,744.57,108,363,752.11,364,753.31
20,7,362,744.57,108,363,744.71,364,745.67
45,10,362,744.57,108,363,744.71,364,745.67
44,11,362,744.57,108,363,744.71,364,745.67
44,12,362,744.57,108,363,744.71,364,745.67
45,12,362,744.57,108,363,744.71,364,745.67
44,13,362,744.57,108,363,752.11,364,753.31
37,14,362,744.57,108,363,744.71,364,745.67
37,15,362,744.57,108,363,744.71,364,745.67
38,15,362,744.57,108,363,744.71,364,745.67
41,15,362,744.57,108,363,744.71,364,745.67
42,15,362,744.57,108,363,744.71,364,745.67
37,16,362,744.57,108,363,744.71,364,745.67
38,16,362,744.57,108,363,744.71,364,745.67
39,16,362,744.57,108,363,744.71,364,745.67
44,16,362,744.57,108,363,744.71,364,745.67
38,17,362,744.57,108,363,744.71,364,745.67
43,17,362,744.57,108,363,744.71,364,745.67
38,20,362,744.57,108,363,744.71,364,745.67
18,3,362,753.06,108,363,759.51,364,760.96
19,3,362,753.06,108,363,759.51,364,760.96
42,11,362,753.06,108,363,759.51,364,760.96
43,11,362,753.06,108,363,759.51,364,760.96
23,11,526,755.06,144,245,793.51,536,796.2
22,8,23,757.9,124,540,843.44,173,963.3
46,12,526,761.27,144,286,892.02,531,923.33
20,2,362,761.56,108,363,766.9,364,768.6
44,10,362,761.56,108,363,766.9,364,768.6
19,5,363,766.9,124,364,768.6,362,770.05
43,13,363,766.9,124,364,768.6,362,770.05
36,14,363,766.9,124,364,768.6,362,770.05
19,4,362,770.05,108,363,774.3,364,776.24
43,12,362,770.05,108,363,774.3,364,776.24
35,14,362,770.05,108,138,780.21,407,780.21
26,7,536,770.57,144,245,868.59,170,947.16
25,4,397,771.67,116,457,2265.81,458,2265.81
26,4,397,771.67,116,457,2398.29,458,2398.29
40,6,397,771.67,116,457,2398.29,458,2398.29
45,6,397,771.67,116,457,2199.57,458,2199.57
46,6,397,771.67,116,457,2398.29,458,2398.29
47,6,397,771.67,116,457,6578.61,458,6578.61
39,7,397,771.67,116,457,2398.29,458,2398.29
19,1,364,772.42,120,363,781.44,362,786.74
43,9,364,772.42,120,363,781.44,362,786.74
43,15,170,776.67,68,245,907.98,20,1098.12
23,4,397,777.16,116,457,2332.05,458,2332.05
44,6,397,777.92,116,457,1926.37,460,1951.19
24,0,397,779.91,116,459,3177.51,460,3251.47
41,6,397,784.17,116,457,2398.29,458,2398.29
40,7,397,784.17,116,459,1711.11,458,1769.06
19,6,362,787.04,108,363,789.1,364,791.53
43,14,362,787.04,108,363,789.1,364,791.53
42,14,364,787.71,120,363,796.24,362,803.73
37,2,397,788.15,116,457,3033.36,460,3099.57
21,7,536,788.17,144,171,938.94,246,943.33
40,17,170,789.22,68,20,1125.14,245,1129.0
39,14,364,795.36,120,363,803.63,362,803.73
19,8,362,795.53,108,363,796.49,364,799.18
36,15,362,795.53,108,363,796.49,364,799.18
43,16,362,795.53,108,363,796.49,364,799.18
43,2,397,796.39,116,457,3442.34,458,3442.34
43,4,397,796.39,116,460,2050.55,457,2091.94
42,6,397,796.68,116,457,2398.29,458,2398.29
39,15,364,797.4,120,363,822.41,362,833.78
51,26,290,799.69,268,540,822.14,530,947.78
18,4,364,803.0,120,363,811.03,362,812.22
42,12,364,803.0,120,363,811.03,362,812.22
41,14,364,803.0,120,363,811.03,362,812.22
42,16,364,803.0,120,363,811.03,362,812.22
37,19,364,803.0,120,363,811.03,362,812.22
22,4,397,804.63,116,457,2398.29,458,2398.29
38,2,397,807.38,116,457,3442.34,458,3442.34
40,5,397,807.38,116,457,2398.29,458,2398.29
24,4,397,809.18,116,457,1810.47,458,1860.15
41,7,397,809.18,116,459,1810.47,460,1860.15
40,15,363,811.46,124,364,814.64,362,821.21
18,11,361,815.24,1024,411,852.55,386,877.76
19,2,362,816.57,108,364,833.76,363,840.8
43,10,362,816.57,108,364,833.76,363,840.8
23,0,397,818.37,116,457,3442.34,458,3442.34
41,2,397,818.37,116,457,3442.34,458,3442.34
42,2,397,818.37,116,459,3111.31,458,3177.51
27,6,536,819.14,144,245,877.31,361,909.15
24,5,457,820.89,200,458,820.89,459,820.89
39,9,457,820.89,200,458,820.89,459,820.89
39,10,457,820.89,200,458,820.89,459,820.89
40,10,457,820.89,200,458,820.89,459,820.89
39,12,457,820.89,200,458,820.89,459,820.89
40,12,457,820.89,200,458,820.89,459,820.89
43,1,397,821.11,116,457,2398.29,458,2398.29
15,2,397,823.86,116,458,2452.75,457,2472.24
1,27,170,824.35,68,287,845.37,307,857.77
14,28,245,824.86,68,320,856.92,170,1011.47
40,16,364,826.11,120,363,833.4,362,846.4
4,1,397,826.61,116,457,2398.29,458,2398.29
39,1,397,826.61,116,457,2398.29,458,2398.29
25,3,397,826.61,116,457,2398.29,458,2398.29
25,0,397,832.1,116,457,3442.34,458,3442.34
16,2,397,834.85,116,459,2479.99,458,2538.45
14,3,158,836.89,548,290,966.61,105,1028.1
42,1,397,837.6,116,460,3126.8,459,3154.03
37,3,397,837.6,116,457,3442.34,458,3442.34
42,4,397,837.6,116,460,2713.83,459,2721.57
40,2,397,840.34,116,457,3442.34,458,3442.34
41,5,397,841.86,116,457,1702.85,460,1711.11
38,18,364,843.27,120,363,866.8,362,876.25
39,2,397,845.84,116,457,3442.34,458,3442.34
24,3,397,845.84,116,459,2982.65,460,3002.13
19,9,536,846.17,144,23,919.89,170,988.78
44,26,245,847.02,68,320,917.31,170,988.88
38,1,397,848.59,116,459,2452.75,458,2472.24
40,1,397,848.59,116,457,3048.85,460,3076.09
50,1,420,848.72,556,571,931.26,7,953.0
37,24,536,850.29,144,170,994.14,245,1014.55
4,0,397,851.33,116,457,3442.34,458,3442.34
5,0,397,851.33,116,457,5350.9,458,5350.9
13,0,397,851.33,116,457,6929.11,458,6929.11
14,0,397,851.33,116,457,3442.34,458,3442.34
15,0,397,851.33,116,457,3442.34,458,3442.34
16,0,397,851.33,116,457,3442.34,458,3442.34
17,0,397,851.33,116,457,3442.34,458,3442.34
18,0,397,851.33,116,457,3442.34,458,3442.34
21,0,397,851.33,116,457,3442.34,458,3442.34
22,0,397,851.33,116,457,3442.34,458,3442.34
38,0,397,851.33,116,457,3442.34,458,3442.34
39,0,397,851.33,116,457,3442.34,458,3442.34
40,0,397,851.33,116,457,3442.34,458,3442.34
41,0,397,851.33,116,457,3442.34,458,3442.34
42,0,397,851.33,116,457,3442.34,458,3442.34
43,0,397,851.33,116,457,3442.34,458,3442.34
44,0,397,851.33,116,457,3442.34,458,3442.34
45,0,397,851.33,116,457,3442.34,458,3442.34
15,1,397,851.33,116,457,3270.95,458,3298.19
16,1,397,851.33,116,457,3442.34,458,3442.34
17,1,397,851.33,116,457,3442.34,458,3442.34
22,1,397,851.33,116,457,3442.34,458,3442.34
23,1,397,851.33,116,457,3442.34,458,3442.34
24,1,397,851.33,116,457,3442.34,458,3442.34
25,1,397,851.33,116,457,3442.34,458,3442.34
41,1,397,851.33,116,457,3208.5,458,3208.5
22,2,397,851.33,116,457,3442.34,458,3442.34
23,2,397,851.33,116,457,3442.34,458,3442.34
24,2,397,851.33,116,457,3442.34,458,3442.34
25,2,397,851.33,116,457,3442.34,458,3442.34
23,3,397,851.33,116,457,3442.34,458,3442.34
38,3,397,851.33,116,457,3442.34,458,3442.34
39,3,397,851.33,116,457,3442.34,458,3442.34
40,3,397,851.33,116,457,3442.34,458,3442.34
41,3,397,851.33,116,457,3442.34,458,3442.34
42,3,397,851.33,116,457,3442.34,458,3442.34
43,3,397,851.33,116,457,3442.34,458,3442.34
37,4,397,851.33,116,457,5590.95,458,5590.95
38,4,397,851.33,116,457,3442.34,458,3442.34
39,4,397,851.33,116,457,3442.34,458,3442.34
40,4,397,851.33,116,457,3442.34,458,3442.34
41,4,397,851.33,116,457,3442.34,458,3442.34
40,14,364,856.69,120,363,862.99,362,871.88
39,18,364,870.11,120,363,892.77,362,906.07
38,19,364,870.11,120,363,892.77,362,906.07
19,11,361,871.02,1024,411,895.4,386,934.54
4,26,20,871.06,68,170,926.71,245,1275.86
18,5,362,871.88,108,364,883.53,363,888.97
42,13,362,871.88,108,364,883.53,363,888.97
25,5,459,874.04,200,460,885.98,458,963.01
23,10,361,879.82,1024,411,932.01,23,952.62
43,6,397,890.47,116,459,1678.02,458,1694.58
56,18,98,892.89,124,23,1240.77,8,1520.01
50,27,287,903.59,300,95,1214.73,20,1217.76
17,26,138,905.29,432,407,905.29,289,1465.6
13,10,138,905.3,432,407,905.3,289,1449.04
12,11,540,906.75,48,530,1251.06,98,1516.61
18,7,23,907.62,124,540,1044.92,269,1070.96
17,6,23,919.89,124,171,995.85,194,1009.6
23,5,397,933.77,116,460,1243.03,459,1263.63
39,17,364,935.36,120,362,948.74,363,955.91
27,5,257,936.48,712,536,992.49,23,1054.6
46,7,397,940.49,116,457,1495.89,458,1495.89
42,5,397,942.48,116,457,1495.89,458,1495.89
44,5,397,946.75,116,457,2141.67,459,2141.67
15,28,138,949.31,432,407,949.31,289,1535.97
17,5,364,950.64,120,362,965.73,363,970.71
40,13,364,950.64,120,362,965.73,363,970.71
41,13,364,950.64,120,362,965.73,363,970.71
43,5,397,953.0,116,457,1562.13,458,1562.13
42,7,397,953.0,116,457,1495.89,458,1495.89
43,7,397,953.0,116,458,1103.02,459,1114.96
44,7,397,953.0,116,457,1495.89,458,1495.89
45,7,397,953.0,116,457,1495.89,458,1495.89
24,8,397,953.0,116,457,1495.89,458,1495.89
45,8,397,953.0,116,457,1495.89,458,1495.89
54,19,119,956.38,120,417,971.06,419,1000.25
38,8,460,959.74,200,397,964.16,457,971.68
25,8,536,973.34,144,170,1022.84,245,1145.45
39,8,397,973.98,116,457,1058.53,458,1094.35
48,25,8,976.32,96,132,2309.57,207,2345.36
50,0,423,979.8,212,170,1074.47,245,1251.35
27,1,423,984.94,212,232,1265.05,309,1413.0
24,6,397,997.17,116,460,2315.51,457,2340.34
12,10,170,998.78,68,245,1055.98,320,1303.37
18,2,364,1004.33,120,363,1022.67,362,1025.38
17,3,364,1004.33,120,363,1022.67,362,1025.38
42,10,364,1004.33,120,363,1022.67,362,1025.38
41,11,364,1004.33,120,363,1022.67,362,1025.38
39,11,460,1004.94,200,459,1177.14,457,1693.74
40,8,397,1008.8,116,460,1243.03,459,1263.63
41,9,397,1008.8,116,457,1495.89,458,1495.89
41,8,458,1010.77,200,397,1031.13,459,1046.59
45,26,138,1012.9,432,407,1012.9,289,1161.98
26,6,128,1019.53,240,361,1081.23,411,1122.04
48,24,95,1028.16,68,181,1814.91,126,1988.17
37,8,540,1032.33,48,530,1248.86,535,1579.33
25,7,128,1035.13,240,129,1200.91,126,1223.17
17,28,130,1057.84,92,128,1894.38,127,2079.77
16,26,320,1060.61,68,245,1077.37,170,1323.31
36,7,131,1083.18,120,208,1134.5,133,1185.82
42,8,397,1098.09,116,457,1495.89,458,1495.89
8,10,95,1102.2,68,170,1584.45,20,1792.88
42,17,362,1108.12,108,98,1129.61,363,1337.23
35,8,133,1121.13,120,208,1170.08,131,1223.78
22,5,540,1123.69,48,530,1359.94,535,1577.36
19,7,540,1123.69,48,362,1229.9,530,1359.94
43,18,245,1127.67,68,170,1134.78,320,1319.61
24,7,126,1185.71,96,170,1482.84,536,1538.5
40,9,397,1198.54,116,458,1410.19,459,1422.13
41,33,288,1206.73,392,286,1337.63,289,1390.21
20,8,364,1217.73,120,363,1236.44,362,1309.15
50,26,264,1228.86,248,60,1229.04,383,1229.04
44,17,526,1238.7,144,531,1399.75,536,1442.12
48,0,286,1240.3,268,423,1417.94,540,1500.14
44,14,20,1299.14,68,544,1415.02,546,1415.02
45,9,457,1304.85,200,458,1304.85,459,1304.85
4,27,540,1328.64,48,530,1564.22,98,1741.52
21,6,544,1372.0,120,546,1372.0,536,1411.42
4,9,287,1385.92,300,95,1403.75,286,1558.62
18,6,543,1395.95,196,545,1395.95,130,1587.8
41,16,363,1399.94,124,544,1407.2,546,1407.2
16,4,23,1417.38,124,98,1546.42,540,1802.61
20,1,544,1426.76,120,546,1426.76,130,1626.14
44,9,544,1426.76,120,546,1426.76,364,1522.51
38,11,130,1489.91,92,364,3053.27,98,3371.14
46,8,458,1495.89,200,457,2249.13,459,2369.93
49,26,133,1504.87,120,131,1572.64,208,1575.58
23,6,397,1521.7,116,459,2791.58,458,2917.73
27,4,536,1543.95,144,126,2119.12,526,2214.94
27,24,526,1573.43,144,531,1717.69,536,1832.68
5,26,289,1622.76,360,138,2098.73,407,2098.73
54,18,98,1632.65,124,394,2062.5,173,2323.15
37,5,133,1695.22,120,208,1704.71,131,1794.04
36,6,131,1699.04,120,208,1711.88,133,1801.69
35,7,133,1699.04,120,208,1711.88,131,1801.69
39,19,544,1764.04,120,546,1764.04,364,1802.11
36,8,133,1799.18,120,208,1918.62,131,1919.58
49,25,394,1808.78,480,131,2457.0,133,2457.0
38,7,459,1810.47,200,460,1860.15,458,1901.54
37,6,133,1819.44,120,208,1937.62,131,1939.84
37,7,467,1872.71,196,185,2005.3,398,2277.13
57,18,536,1902.26,144,320,2057.86,245,2145.1
36,3,397,1958.28,116,126,7391.56,496,8236.13
3,9,252,2019.64,264,98,2131.77,127,2202.22
5,28,536,2026.87,144,130,2188.14,526,2301.25
18,1,397,2047.66,116,362,3244.52,543,4508.57
53,18,419,2106.75,556,170,2534.96,181,2701.88
23,7,544,2115.87,120,546,2115.87,460,4138.29
42,9,397,2135.3,116,362,2715.78,543,3754.52
9,11,96,2161.58,88,130,2596.74,21,2613.7
26,5,171,2185.14,88,246,2387.65,170,2533.22
23,8,458,2208.35,200,459,2279.77,457,2528.87
49,0,290,2262.8,268,423,2298.92,138,2564.96
47,0,419,2284.49,556,213,2453.83,417,2754.46
48,6,245,2291.0,68,170,2315.61,320,2465.06
49,24,265,2365.18,160,261,2376.07,263,2433.77
21,22,544,2393.0,120,546,2393.0,519,4565.78
36,2,457,2398.29,200,458,2398.29,459,2398.29
57,6,457,2398.29,200,458,2398.29,459,2398.29
25,26,536,2412.39,144,170,2421.37,20,2429.76
26,3,460,2472.24,200,457,2491.73,459,2604.65
41,10,458,2478.01,200,457,2622.06,459,2687.69
50,25,133,2523.98,120,208,2664.83,131,2678.69
3,8,208,2548.96,128,131,2555.09,133,2610.91
16,3,397,2640.32,116,126,2776.5,362,3487.01
40,11,362,2696.4,108,126,2776.5,397,2983.15
9,10,98,2770.41,124,362,3231.36,85,3315.56
44,8,544,2779.4,120,546,2779.4,459,3573.57
3,3,459,2892.17,200,458,2964.02,460,3985.98
17,27,362,2896.78,108,126,3471.92,363,3487.22
41,12,457,2929.11,200,458,3411.61,460,3518.42
15,3,397,2952.34,116,495,5781.64,130,7705.09
43,8,458,3019.5,200,457,3112.4,459,3391.1
20,0,544,3131.29,120,546,3131.29,397,4739.38
13,12,51,3183.94,720,176,3183.94,387,3314.16
5,27,536,3312.04,144,468,3486.56,526,3646.82
21,2,98,3371.14,124,23,3637.49,544,4735.78
13,11,468,3414.8,448,526,3572.43,536,3679.56
12,0,457,3442.34,200,458,3442.34,459,3442.34
46,0,457,3442.34,200,458,3442.34,459,3442.34
21,1,457,3442.34,200,458,3442.34,459,3442.34
3,4,535,3513.83,48,530,3521.81,540,3677.94
45,27,468,3541.2,448,526,3544.06,536,3581.7
26,0,457,3821.19,200,458,5274.34,460,5811.49
17,2,458,3869.3,200,457,3939.42,460,4009.54
19,0,458,4285.09,200,457,4341.94,460,4479.05
37,1,540,4316.58,48,530,4410.83,535,4538.92
26,1,68,4365.15,544,571,4396.29,218,4613.06
38,9,459,4589.68,200,460,5174.82,458,6345.1
14,1,540,4600.67,48,530,4694.92,535,4823.0
17,4,457,4636.07,200,397,4906.09,460,4960.77
22,3,459,4971.62,200,458,5095.83,540,5156.25
25,6,543,5653.23,196,545,5653.23,458,5843.22
5,1,543,6662.81,196,545,6662.81,457,7136.34
39,6,459,6768.53,200,460,8114.55,458,8679.29
